序号,业务名称,组合代码,业务原因,业务代码,准驾车型
1,外地初领,AB[A1],﻿A,B,A1
2,外地初领,AB[A2],﻿A,B,A2
3,外地初领,AB[A3],﻿A,B,A3
4,外地初领,AB[B1],﻿A,B,B1
5,外地初领,AB[B2],﻿A,B,B2
6,外地初领,AB[C1],﻿A,B,C1
7,外地初领,AB[C2],﻿A,B,C2
8,外地初领,AB[C3],﻿A,B,C3
9,外地初领,AB[C4],﻿A,B,C4
10,外地初领,AB[C5],﻿A,B,C5
11,外地初领,AB[D],﻿A,B,D
12,外地初领,AB[E],﻿A,B,E
13,外地初领,AB[F],﻿A,B,F
14,外地初领,AB[M],﻿A,B,M
15,外地初领,AB[N],﻿A,B,N
16,外地初领,AB[P],﻿A,B,P
17,转入换证,AC[A1],A,C,A1
18,转入换证,AC[A2],A,C,A2
19,转入换证,AC[A3],A,C,A3
20,转入换证,AC[B1],A,C,B1
21,转入换证,AC[B2],A,C,B2
22,转入换证,AC[C1],A,C,C1
23,转入换证,AC[C2],A,C,C2
24,转入换证,AC[C3],A,C,C3
25,转入换证,AC[C4],A,C,C4
26,转入换证,AC[C5],A,C,C5
27,转入换证,AC[D],A,C,D
28,转入换证,AC[E],A,C,E
29,转入换证,AC[F],A,C,F
30,转入换证,AC[M],A,C,M
31,转入换证,AC[N],A,C,N
32,转入换证,AC[P],A,C,P
33,军警换证,AD[A1],A,D,A1
34,军警换证,AD[A2],A,D,A2
35,军警换证,AD[A3],A,D,A3
36,军警换证,AD[B1],A,D,B1
37,军警换证,AD[B2],A,D,B2
38,军警换证,AD[C1],A,D,C1
39,军警换证,AD[C2],A,D,C2
40,军警换证,AD[C3],A,D,C3
41,军警换证,AD[C4],A,D,C4
42,军警换证,AD[C5],A,D,C5
43,军警换证,AD[D],A,D,D
44,军警换证,AD[E],A,D,E
45,军警换证,AD[F],A,D,F
46,军警换证,AD[M],A,D,M
47,军警换证,AD[N],A,D,N
48,军警换证,AD[P],A,D,P
49,外籍换证,AE[A1],A,E,A1
50,外籍换证,AE[A2],A,E,A2
51,外籍换证,AE[A3],A,E,A3
52,外籍换证,AE[B1],A,E,B1
53,外籍换证,AE[B2],A,E,B2
54,外籍换证,AE[C1],A,E,C1
55,外籍换证,AE[C2],A,E,C2
56,外籍换证,AE[C3],A,E,C3
57,外籍换证,AE[C4],A,E,C4
58,外籍换证,AE[C5],A,E,C5
59,外籍换证,AE[D],A,E,D
60,外籍换证,AE[E],A,E,E
61,外籍换证,AE[F],A,E,F
62,外籍换证,AE[M],A,E,M
63,外籍换证,AE[N],A,E,N
64,外籍换证,AE[P],A,E,P
65,香港换证,AF[A1],A,F,A1
66,香港换证,AF[A2],A,F,A2
67,香港换证,AF[A3],A,F,A3
68,香港换证,AF[B1],A,F,B1
69,香港换证,AF[B2],A,F,B2
70,香港换证,AF[C1],A,F,C1
71,香港换证,AF[C2],A,F,C2
72,香港换证,AF[C3],A,F,C3
73,香港换证,AF[C4],A,F,C4
74,香港换证,AF[C5],A,F,C5
75,香港换证,AF[D],A,F,D
76,香港换证,AF[E],A,F,E
77,香港换证,AF[F],A,F,F
78,香港换证,AF[M],A,F,M
79,香港换证,AF[N],A,F,N
80,香港换证,AF[P],A,F,P
81,澳门换证,AG[A1],A,G,A1
82,澳门换证,AG[A2],A,G,A2
83,澳门换证,AG[A3],A,G,A3
84,澳门换证,AG[B1],A,G,B1
85,澳门换证,AG[B2],A,G,B2
86,澳门换证,AG[C1],A,G,C1
87,澳门换证,AG[C2],A,G,C2
88,澳门换证,AG[C3],A,G,C3
89,澳门换证,AG[C4],A,G,C4
90,澳门换证,AG[C5],A,G,C5
91,澳门换证,AG[D],A,G,D
92,澳门换证,AG[E],A,G,E
93,澳门换证,AG[F],A,G,F
94,澳门换证,AG[M],A,G,M
95,澳门换证,AG[N],A,G,N
96,澳门换证,AG[P],A,G,P
97,台湾换证,AH[A1],A,H,A1
98,台湾换证,AH[A2],A,H,A2
99,台湾换证,AH[A3],A,H,A3
100,台湾换证,AH[B1],A,H,B1
101,台湾换证,AH[B2],A,H,B2
102,台湾换证,AH[C1],A,H,C1
103,台湾换证,AH[C2],A,H,C2
104,台湾换证,AH[C3],A,H,C3
105,台湾换证,AH[C4],A,H,C4
106,台湾换证,AH[C5],A,H,C5
107,台湾换证,AH[D],A,H,D
108,台湾换证,AH[E],A,H,E
109,台湾换证,AH[F],A,H,F
110,台湾换证,AH[M],A,H,M
111,台湾换证,AH[N],A,H,N
112,台湾换证,AH[P],A,H,P
113,使领馆,AI[A1],A,I,A1
114,使领馆,AI[A2],A,I,A2
115,使领馆,AI[A3],A,I,A3
116,使领馆,AI[B1],A,I,B1
117,使领馆,AI[B2],A,I,B2
118,使领馆,AI[C1],A,I,C1
119,使领馆,AI[C2],A,I,C2
120,使领馆,AI[C3],A,I,C3
121,使领馆,AI[C4],A,I,C4
122,使领馆,AI[C5],A,I,C5
123,使领馆,AI[D],A,I,D
124,使领馆,AI[E],A,I,E
125,使领馆,AI[F],A,I,F
126,使领馆,AI[M],A,I,M
127,使领馆,AI[N],A,I,N
128,使领馆,AI[P],A,I,P
129,农机,AJ[A1],A,J,A1
130,农机,AJ[A2],A,J,A2
131,农机,AJ[A3],A,J,A3
132,农机,AJ[B1],A,J,B1
133,农机,AJ[B2],A,J,B2
134,农机,AJ[C1],A,J,C1
135,农机,AJ[C2],A,J,C2
136,农机,AJ[C3],A,J,C3
137,农机,AJ[C4],A,J,C4
138,农机,AJ[C5],A,J,C5
139,农机,AJ[D],A,J,D
140,农机,AJ[E],A,J,E
141,农机,AJ[F],A,J,F
142,农机,AJ[M],A,J,M
143,农机,AJ[N],A,J,N
144,农机,AJ[P],A,J,P
145,驾驶人补换证,C9[A1],C,9,A1
146,驾驶人补换证,C9[A2],C,9,A2
147,驾驶人补换证,C9[A3],C,9,A3
148,驾驶人补换证,C9[B1],C,9,B1
149,驾驶人补换证,C9[B2],C,9,B2
150,驾驶人补换证,C9[C1],C,9,C1
151,驾驶人补换证,C9[C2],C,9,C2
152,驾驶人补换证,C9[C3],C,9,C3
153,驾驶人补换证,C9[C4],C,9,C4
154,驾驶人补换证,C9[C5],C,9,C5
155,驾驶人补换证,C9[D],C,9,D
156,驾驶人补换证,C9[E],C,9,E
157,驾驶人补换证,C9[F],C,9,F
158,驾驶人补换证,C9[M],C,9,M
159,驾驶人补换证,C9[N],C,9,N
160,驾驶人补换证,C9[P],C,9,P
161,期满,CA[A1],C,A,A1
162,期满,CA[A2],C,A,A2
163,期满,CA[A3],C,A,A3
164,期满,CA[B1],C,A,B1
165,期满,CA[B2],C,A,B2
166,期满,CA[C1],C,A,C1
167,期满,CA[C2],C,A,C2
168,期满,CA[C3],C,A,C3
169,期满,CA[C4],C,A,C4
170,期满,CA[C5],C,A,C5
171,期满,CA[D],C,A,D
172,期满,CA[E],C,A,E
173,期满,CA[F],C,A,F
174,期满,CA[M],C,A,M
175,期满,CA[N],C,A,N
176,期满,CA[P],C,A,P
177,期满、转入换证,CAB[A1],C,AB,A1
178,期满、转入换证,CAB[A2],C,AB,A2
179,期满、转入换证,CAB[A3],C,AB,A3
180,期满、转入换证,CAB[B1],C,AB,B1
181,期满、转入换证,CAB[B2],C,AB,B2
182,期满、转入换证,CAB[C1],C,AB,C1
183,期满、转入换证,CAB[C2],C,AB,C2
184,期满、转入换证,CAB[C3],C,AB,C3
185,期满、转入换证,CAB[C4],C,AB,C4
186,期满、转入换证,CAB[C5],C,AB,C5
187,期满、转入换证,CAB[D],C,AB,D
188,期满、转入换证,CAB[E],C,AB,E
189,期满、转入换证,CAB[F],C,AB,F
190,期满、转入换证,CAB[M],C,AB,M
191,期满、转入换证,CAB[N],C,AB,N
192,期满、转入换证,CAB[P],C,AB,P
193,期满超龄换证,CAC[A1],C,AC,A1
194,期满超龄换证,CAC[A2],C,AC,A2
195,期满超龄换证,CAC[A3],C,AC,A3
196,期满超龄换证,CAC[B1],C,AC,B1
197,期满超龄换证,CAC[B2],C,AC,B2
198,期满超龄换证,CAC[C1],C,AC,C1
199,期满超龄换证,CAC[C2],C,AC,C2
200,期满超龄换证,CAC[C3],C,AC,C3
201,期满超龄换证,CAC[C4],C,AC,C4
202,期满超龄换证,CAC[C5],C,AC,C5
203,期满超龄换证,CAC[D],C,AC,D
204,期满超龄换证,CAC[E],C,AC,E
205,期满超龄换证,CAC[F],C,AC,F
206,期满超龄换证,CAC[M],C,AC,M
207,期满超龄换证,CAC[N],C,AC,N
208,期满超龄换证,CAC[P],C,AC,P
209,期满、超龄、自愿降级、变更,CACDE[A1],C,ACDE,A1
210,期满、超龄、自愿降级、变更,CACDE[A2],C,ACDE,A2
211,期满、超龄、自愿降级、变更,CACDE[A3],C,ACDE,A3
212,期满、超龄、自愿降级、变更,CACDE[B1],C,ACDE,B1
213,期满、超龄、自愿降级、变更,CACDE[B2],C,ACDE,B2
214,期满、超龄、自愿降级、变更,CACDE[C1],C,ACDE,C1
215,期满、超龄、自愿降级、变更,CACDE[C2],C,ACDE,C2
216,期满、超龄、自愿降级、变更,CACDE[C3],C,ACDE,C3
217,期满、超龄、自愿降级、变更,CACDE[C4],C,ACDE,C4
218,期满、超龄、自愿降级、变更,CACDE[C5],C,ACDE,C5
219,期满、超龄、自愿降级、变更,CACDE[D],C,ACDE,D
220,期满、超龄、自愿降级、变更,CACDE[E],C,ACDE,E
221,期满、超龄、自愿降级、变更,CACDE[F],C,ACDE,F
222,期满、超龄、自愿降级、变更,CACDE[M],C,ACDE,M
223,期满、超龄、自愿降级、变更,CACDE[N],C,ACDE,N
224,期满、超龄、自愿降级、变更,CACDE[P],C,ACDE,P
225,期满、超龄、自愿降级、变更、提交身体证明,CACDEH[A1],C,ACDEH,A1
226,期满、超龄、自愿降级、变更、提交身体证明,CACDEH[A2],C,ACDEH,A2
227,期满、超龄、自愿降级、变更、提交身体证明,CACDEH[A3],C,ACDEH,A3
228,期满、超龄、自愿降级、变更、提交身体证明,CACDEH[B1],C,ACDEH,B1
229,期满、超龄、自愿降级、变更、提交身体证明,CACDEH[B2],C,ACDEH,B2
230,期满、超龄、自愿降级、变更、提交身体证明,CACDEH[C1],C,ACDEH,C1
231,期满、超龄、自愿降级、变更、提交身体证明,CACDEH[C2],C,ACDEH,C2
232,期满、超龄、自愿降级、变更、提交身体证明,CACDEH[C3],C,ACDEH,C3
233,期满、超龄、自愿降级、变更、提交身体证明,CACDEH[C4],C,ACDEH,C4
234,期满、超龄、自愿降级、变更、提交身体证明,CACDEH[C5],C,ACDEH,C5
235,期满、超龄、自愿降级、变更、提交身体证明,CACDEH[D],C,ACDEH,D
236,期满、超龄、自愿降级、变更、提交身体证明,CACDEH[E],C,ACDEH,E
237,期满、超龄、自愿降级、变更、提交身体证明,CACDEH[F],C,ACDEH,F
238,期满、超龄、自愿降级、变更、提交身体证明,CACDEH[M],C,ACDEH,M
239,期满、超龄、自愿降级、变更、提交身体证明,CACDEH[N],C,ACDEH,N
240,期满、超龄、自愿降级、变更、提交身体证明,CACDEH[P],C,ACDEH,P
241,期满超龄 自愿降级换证,CACE[A1],C,ACE,A1
242,期满超龄 自愿降级换证,CACE[A2],C,ACE,A2
243,期满超龄 自愿降级换证,CACE[A3],C,ACE,A3
244,期满超龄 自愿降级换证,CACE[B1],C,ACE,B1
245,期满超龄 自愿降级换证,CACE[B2],C,ACE,B2
246,期满超龄 自愿降级换证,CACE[C1],C,ACE,C1
247,期满超龄 自愿降级换证,CACE[C2],C,ACE,C2
248,期满超龄 自愿降级换证,CACE[C3],C,ACE,C3
249,期满超龄 自愿降级换证,CACE[C4],C,ACE,C4
250,期满超龄 自愿降级换证,CACE[C5],C,ACE,C5
251,期满超龄 自愿降级换证,CACE[D],C,ACE,D
252,期满超龄 自愿降级换证,CACE[E],C,ACE,E
253,期满超龄 自愿降级换证,CACE[F],C,ACE,F
254,期满超龄 自愿降级换证,CACE[M],C,ACE,M
255,期满超龄 自愿降级换证,CACE[N],C,ACE,N
256,期满超龄 自愿降级换证,CACE[P],C,ACE,P
257,期满、超龄、变更、提交身体证明,CACEH[A1],C,ACEH,A1
258,期满、超龄、变更、提交身体证明,CACEH[A2],C,ACEH,A2
259,期满、超龄、变更、提交身体证明,CACEH[A3],C,ACEH,A3
260,期满、超龄、变更、提交身体证明,CACEH[B1],C,ACEH,B1
261,期满、超龄、变更、提交身体证明,CACEH[B2],C,ACEH,B2
262,期满、超龄、变更、提交身体证明,CACEH[C1],C,ACEH,C1
263,期满、超龄、变更、提交身体证明,CACEH[C2],C,ACEH,C2
264,期满、超龄、变更、提交身体证明,CACEH[C3],C,ACEH,C3
265,期满、超龄、变更、提交身体证明,CACEH[C4],C,ACEH,C4
266,期满、超龄、变更、提交身体证明,CACEH[C5],C,ACEH,C5
267,期满、超龄、变更、提交身体证明,CACEH[D],C,ACEH,D
268,期满、超龄、变更、提交身体证明,CACEH[E],C,ACEH,E
269,期满、超龄、变更、提交身体证明,CACEH[F],C,ACEH,F
270,期满、超龄、变更、提交身体证明,CACEH[M],C,ACEH,M
271,期满、超龄、变更、提交身体证明,CACEH[N],C,ACEH,N
272,期满、超龄、变更、提交身体证明,CACEH[P],C,ACEH,P
273,期满、超龄、提交身体证明,CACH[A1],C,ACH,A1
274,期满、超龄、提交身体证明,CACH[A2],C,ACH,A2
275,期满、超龄、提交身体证明,CACH[A3],C,ACH,A3
276,期满、超龄、提交身体证明,CACH[B1],C,ACH,B1
277,期满、超龄、提交身体证明,CACH[B2],C,ACH,B2
278,期满、超龄、提交身体证明,CACH[C1],C,ACH,C1
279,期满、超龄、提交身体证明,CACH[C2],C,ACH,C2
280,期满、超龄、提交身体证明,CACH[C3],C,ACH,C3
281,期满、超龄、提交身体证明,CACH[C4],C,ACH,C4
282,期满、超龄、提交身体证明,CACH[C5],C,ACH,C5
283,期满、超龄、提交身体证明,CACH[D],C,ACH,D
284,期满、超龄、提交身体证明,CACH[E],C,ACH,E
285,期满、超龄、提交身体证明,CACH[F],C,ACH,F
286,期满、超龄、提交身体证明,CACH[M],C,ACH,M
287,期满、超龄、提交身体证明,CACH[N],C,ACH,N
288,期满、超龄、提交身体证明,CACH[P],C,ACH,P
289,期满自愿降级换证,CAD[A1],C,AD,A1
290,期满自愿降级换证,CAD[A2],C,AD,A2
291,期满自愿降级换证,CAD[A3],C,AD,A3
292,期满自愿降级换证,CAD[B1],C,AD,B1
293,期满自愿降级换证,CAD[B2],C,AD,B2
294,期满自愿降级换证,CAD[C1],C,AD,C1
295,期满自愿降级换证,CAD[C2],C,AD,C2
296,期满自愿降级换证,CAD[C3],C,AD,C3
297,期满自愿降级换证,CAD[C4],C,AD,C4
298,期满自愿降级换证,CAD[C5],C,AD,C5
299,期满自愿降级换证,CAD[D],C,AD,D
300,期满自愿降级换证,CAD[E],C,AD,E
301,期满自愿降级换证,CAD[F],C,AD,F
302,期满自愿降级换证,CAD[M],C,AD,M
303,期满自愿降级换证,CAD[N],C,AD,N
304,期满自愿降级换证,CAD[P],C,AD,P
305,期满、自愿降级、超龄,CADC[A1],C,ADC,A1
306,期满、自愿降级、超龄,CADC[A2],C,ADC,A2
307,期满、自愿降级、超龄,CADC[A3],C,ADC,A3
308,期满、自愿降级、超龄,CADC[B1],C,ADC,B1
309,期满、自愿降级、超龄,CADC[B2],C,ADC,B2
310,期满、自愿降级、超龄,CADC[C1],C,ADC,C1
311,期满、自愿降级、超龄,CADC[C2],C,ADC,C2
312,期满、自愿降级、超龄,CADC[C3],C,ADC,C3
313,期满、自愿降级、超龄,CADC[C4],C,ADC,C4
314,期满、自愿降级、超龄,CADC[C5],C,ADC,C5
315,期满、自愿降级、超龄,CADC[D],C,ADC,D
316,期满、自愿降级、超龄,CADC[E],C,ADC,E
317,期满、自愿降级、超龄,CADC[F],C,ADC,F
318,期满、自愿降级、超龄,CADC[M],C,ADC,M
319,期满、自愿降级、超龄,CADC[N],C,ADC,N
320,期满、自愿降级、超龄,CADC[P],C,ADC,P
321,期满、自愿降级、超龄、提交身体证明,CADCH[A1],C,ADCH,A1
322,期满、自愿降级、超龄、提交身体证明,CADCH[A2],C,ADCH,A2
323,期满、自愿降级、超龄、提交身体证明,CADCH[A3],C,ADCH,A3
324,期满、自愿降级、超龄、提交身体证明,CADCH[B1],C,ADCH,B1
325,期满、自愿降级、超龄、提交身体证明,CADCH[B2],C,ADCH,B2
326,期满、自愿降级、超龄、提交身体证明,CADCH[C1],C,ADCH,C1
327,期满、自愿降级、超龄、提交身体证明,CADCH[C2],C,ADCH,C2
328,期满、自愿降级、超龄、提交身体证明,CADCH[C3],C,ADCH,C3
329,期满、自愿降级、超龄、提交身体证明,CADCH[C4],C,ADCH,C4
330,期满、自愿降级、超龄、提交身体证明,CADCH[C5],C,ADCH,C5
331,期满、自愿降级、超龄、提交身体证明,CADCH[D],C,ADCH,D
332,期满、自愿降级、超龄、提交身体证明,CADCH[E],C,ADCH,E
333,期满、自愿降级、超龄、提交身体证明,CADCH[F],C,ADCH,F
334,期满、自愿降级、超龄、提交身体证明,CADCH[M],C,ADCH,M
335,期满、自愿降级、超龄、提交身体证明,CADCH[N],C,ADCH,N
336,期满、自愿降级、超龄、提交身体证明,CADCH[P],C,ADCH,P
337,期满自愿降级变更换证,CADE[A1],C,ADE,A1
338,期满自愿降级变更换证,CADE[A2],C,ADE,A2
339,期满自愿降级变更换证,CADE[A3],C,ADE,A3
340,期满自愿降级变更换证,CADE[B1],C,ADE,B1
341,期满自愿降级变更换证,CADE[B2],C,ADE,B2
342,期满自愿降级变更换证,CADE[C1],C,ADE,C1
343,期满自愿降级变更换证,CADE[C2],C,ADE,C2
344,期满自愿降级变更换证,CADE[C3],C,ADE,C3
345,期满自愿降级变更换证,CADE[C4],C,ADE,C4
346,期满自愿降级变更换证,CADE[C5],C,ADE,C5
347,期满自愿降级变更换证,CADE[D],C,ADE,D
348,期满自愿降级变更换证,CADE[E],C,ADE,E
349,期满自愿降级变更换证,CADE[F],C,ADE,F
350,期满自愿降级变更换证,CADE[M],C,ADE,M
351,期满自愿降级变更换证,CADE[N],C,ADE,N
352,期满自愿降级变更换证,CADE[P],C,ADE,P
353,期满、自愿降级、变更、超龄、提交身体证明,CADECH[A1],C,ADECH,A1
354,期满、自愿降级、变更、超龄、提交身体证明,CADECH[A2],C,ADECH,A2
355,期满、自愿降级、变更、超龄、提交身体证明,CADECH[A3],C,ADECH,A3
356,期满、自愿降级、变更、超龄、提交身体证明,CADECH[B1],C,ADECH,B1
357,期满、自愿降级、变更、超龄、提交身体证明,CADECH[B2],C,ADECH,B2
358,期满、自愿降级、变更、超龄、提交身体证明,CADECH[C1],C,ADECH,C1
359,期满、自愿降级、变更、超龄、提交身体证明,CADECH[C2],C,ADECH,C2
360,期满、自愿降级、变更、超龄、提交身体证明,CADECH[C3],C,ADECH,C3
361,期满、自愿降级、变更、超龄、提交身体证明,CADECH[C4],C,ADECH,C4
362,期满、自愿降级、变更、超龄、提交身体证明,CADECH[C5],C,ADECH,C5
363,期满、自愿降级、变更、超龄、提交身体证明,CADECH[D],C,ADECH,D
364,期满、自愿降级、变更、超龄、提交身体证明,CADECH[E],C,ADECH,E
365,期满、自愿降级、变更、超龄、提交身体证明,CADECH[F],C,ADECH,F
366,期满、自愿降级、变更、超龄、提交身体证明,CADECH[M],C,ADECH,M
367,期满、自愿降级、变更、超龄、提交身体证明,CADECH[N],C,ADECH,N
368,期满、自愿降级、变更、超龄、提交身体证明,CADECH[P],C,ADECH,P
369,期满、自愿降级、变更、遗失换证,CADEF[A1],C,ADEF,A1
370,期满、自愿降级、变更、遗失换证,CADEF[A2],C,ADEF,A2
371,期满、自愿降级、变更、遗失换证,CADEF[A3],C,ADEF,A3
372,期满、自愿降级、变更、遗失换证,CADEF[B1],C,ADEF,B1
373,期满、自愿降级、变更、遗失换证,CADEF[B2],C,ADEF,B2
374,期满、自愿降级、变更、遗失换证,CADEF[C1],C,ADEF,C1
375,期满、自愿降级、变更、遗失换证,CADEF[C2],C,ADEF,C2
376,期满、自愿降级、变更、遗失换证,CADEF[C3],C,ADEF,C3
377,期满、自愿降级、变更、遗失换证,CADEF[C4],C,ADEF,C4
378,期满、自愿降级、变更、遗失换证,CADEF[C5],C,ADEF,C5
379,期满、自愿降级、变更、遗失换证,CADEF[D],C,ADEF,D
380,期满、自愿降级、变更、遗失换证,CADEF[E],C,ADEF,E
381,期满、自愿降级、变更、遗失换证,CADEF[F],C,ADEF,F
382,期满、自愿降级、变更、遗失换证,CADEF[M],C,ADEF,M
383,期满、自愿降级、变更、遗失换证,CADEF[N],C,ADEF,N
384,期满、自愿降级、变更、遗失换证,CADEF[P],C,ADEF,P
385,期满、自愿降级、变更、遗失换证、提交身体证明,CADEFH[A1],C,ADEFH,A1
386,期满、自愿降级、变更、遗失换证、提交身体证明,CADEFH[A2],C,ADEFH,A2
387,期满、自愿降级、变更、遗失换证、提交身体证明,CADEFH[A3],C,ADEFH,A3
388,期满、自愿降级、变更、遗失换证、提交身体证明,CADEFH[B1],C,ADEFH,B1
389,期满、自愿降级、变更、遗失换证、提交身体证明,CADEFH[B2],C,ADEFH,B2
390,期满、自愿降级、变更、遗失换证、提交身体证明,CADEFH[C1],C,ADEFH,C1
391,期满、自愿降级、变更、遗失换证、提交身体证明,CADEFH[C2],C,ADEFH,C2
392,期满、自愿降级、变更、遗失换证、提交身体证明,CADEFH[C3],C,ADEFH,C3
393,期满、自愿降级、变更、遗失换证、提交身体证明,CADEFH[C4],C,ADEFH,C4
394,期满、自愿降级、变更、遗失换证、提交身体证明,CADEFH[C5],C,ADEFH,C5
395,期满、自愿降级、变更、遗失换证、提交身体证明,CADEFH[D],C,ADEFH,D
396,期满、自愿降级、变更、遗失换证、提交身体证明,CADEFH[E],C,ADEFH,E
397,期满、自愿降级、变更、遗失换证、提交身体证明,CADEFH[F],C,ADEFH,F
398,期满、自愿降级、变更、遗失换证、提交身体证明,CADEFH[M],C,ADEFH,M
399,期满、自愿降级、变更、遗失换证、提交身体证明,CADEFH[N],C,ADEFH,N
400,期满、自愿降级、变更、遗失换证、提交身体证明,CADEFH[P],C,ADEFH,P
401,期满、自愿降级、变更、提交身体证明,CADEH[A1],C,ADEH,A1
402,期满、自愿降级、变更、提交身体证明,CADEH[A2],C,ADEH,A2
403,期满、自愿降级、变更、提交身体证明,CADEH[A3],C,ADEH,A3
404,期满、自愿降级、变更、提交身体证明,CADEH[B1],C,ADEH,B1
405,期满、自愿降级、变更、提交身体证明,CADEH[B2],C,ADEH,B2
406,期满、自愿降级、变更、提交身体证明,CADEH[C1],C,ADEH,C1
407,期满、自愿降级、变更、提交身体证明,CADEH[C2],C,ADEH,C2
408,期满、自愿降级、变更、提交身体证明,CADEH[C3],C,ADEH,C3
409,期满、自愿降级、变更、提交身体证明,CADEH[C4],C,ADEH,C4
410,期满、自愿降级、变更、提交身体证明,CADEH[C5],C,ADEH,C5
411,期满、自愿降级、变更、提交身体证明,CADEH[D],C,ADEH,D
412,期满、自愿降级、变更、提交身体证明,CADEH[E],C,ADEH,E
413,期满、自愿降级、变更、提交身体证明,CADEH[F],C,ADEH,F
414,期满、自愿降级、变更、提交身体证明,CADEH[M],C,ADEH,M
415,期满、自愿降级、变更、提交身体证明,CADEH[N],C,ADEH,N
416,期满、自愿降级、变更、提交身体证明,CADEH[P],C,ADEH,P
417,期满、自愿降级、提交身体证明,CADH[A1],C,ADH,A1
418,期满、自愿降级、提交身体证明,CADH[A2],C,ADH,A2
419,期满、自愿降级、提交身体证明,CADH[A3],C,ADH,A3
420,期满、自愿降级、提交身体证明,CADH[B1],C,ADH,B1
421,期满、自愿降级、提交身体证明,CADH[B2],C,ADH,B2
422,期满、自愿降级、提交身体证明,CADH[C1],C,ADH,C1
423,期满、自愿降级、提交身体证明,CADH[C2],C,ADH,C2
424,期满、自愿降级、提交身体证明,CADH[C3],C,ADH,C3
425,期满、自愿降级、提交身体证明,CADH[C4],C,ADH,C4
426,期满、自愿降级、提交身体证明,CADH[C5],C,ADH,C5
427,期满、自愿降级、提交身体证明,CADH[D],C,ADH,D
428,期满、自愿降级、提交身体证明,CADH[E],C,ADH,E
429,期满、自愿降级、提交身体证明,CADH[F],C,ADH,F
430,期满、自愿降级、提交身体证明,CADH[M],C,ADH,M
431,期满、自愿降级、提交身体证明,CADH[N],C,ADH,N
432,期满、自愿降级、提交身体证明,CADH[P],C,ADH,P
433,期满变更换证,CAE[A1],C,AE,A1
434,期满变更换证,CAE[A2],C,AE,A2
435,期满变更换证,CAE[A3],C,AE,A3
436,期满变更换证,CAE[B1],C,AE,B1
437,期满变更换证,CAE[B2],C,AE,B2
438,期满变更换证,CAE[C1],C,AE,C1
439,期满变更换证,CAE[C2],C,AE,C2
440,期满变更换证,CAE[C3],C,AE,C3
441,期满变更换证,CAE[C4],C,AE,C4
442,期满变更换证,CAE[C5],C,AE,C5
443,期满变更换证,CAE[D],C,AE,D
444,期满变更换证,CAE[E],C,AE,E
445,期满变更换证,CAE[F],C,AE,F
446,期满变更换证,CAE[M],C,AE,M
447,期满变更换证,CAE[N],C,AE,N
448,期满变更换证,CAE[P],C,AE,P
449,期满、变更、超龄,CAEC[A1],C,AEC,A1
450,期满、变更、超龄,CAEC[A2],C,AEC,A2
451,期满、变更、超龄,CAEC[A3],C,AEC,A3
452,期满、变更、超龄,CAEC[B1],C,AEC,B1
453,期满、变更、超龄,CAEC[B2],C,AEC,B2
454,期满、变更、超龄,CAEC[C1],C,AEC,C1
455,期满、变更、超龄,CAEC[C2],C,AEC,C2
456,期满、变更、超龄,CAEC[C3],C,AEC,C3
457,期满、变更、超龄,CAEC[C4],C,AEC,C4
458,期满、变更、超龄,CAEC[C5],C,AEC,C5
459,期满、变更、超龄,CAEC[D],C,AEC,D
460,期满、变更、超龄,CAEC[E],C,AEC,E
461,期满、变更、超龄,CAEC[F],C,AEC,F
462,期满、变更、超龄,CAEC[M],C,AEC,M
463,期满、变更、超龄,CAEC[N],C,AEC,N
464,期满、变更、超龄,CAEC[P],C,AEC,P
465,期满、变更、超龄、提交身体证明,CAECH[A1],C,AECH,A1
466,期满、变更、超龄、提交身体证明,CAECH[A2],C,AECH,A2
467,期满、变更、超龄、提交身体证明,CAECH[A3],C,AECH,A3
468,期满、变更、超龄、提交身体证明,CAECH[B1],C,AECH,B1
469,期满、变更、超龄、提交身体证明,CAECH[B2],C,AECH,B2
470,期满、变更、超龄、提交身体证明,CAECH[C1],C,AECH,C1
471,期满、变更、超龄、提交身体证明,CAECH[C2],C,AECH,C2
472,期满、变更、超龄、提交身体证明,CAECH[C3],C,AECH,C3
473,期满、变更、超龄、提交身体证明,CAECH[C4],C,AECH,C4
474,期满、变更、超龄、提交身体证明,CAECH[C5],C,AECH,C5
475,期满、变更、超龄、提交身体证明,CAECH[D],C,AECH,D
476,期满、变更、超龄、提交身体证明,CAECH[E],C,AECH,E
477,期满、变更、超龄、提交身体证明,CAECH[F],C,AECH,F
478,期满、变更、超龄、提交身体证明,CAECH[M],C,AECH,M
479,期满、变更、超龄、提交身体证明,CAECH[N],C,AECH,N
480,期满、变更、超龄、提交身体证明,CAECH[P],C,AECH,P
481,期满、变更、遗失换证,CAEF[A1],C,AEF,A1
482,期满、变更、遗失换证,CAEF[A2],C,AEF,A2
483,期满、变更、遗失换证,CAEF[A3],C,AEF,A3
484,期满、变更、遗失换证,CAEF[B1],C,AEF,B1
485,期满、变更、遗失换证,CAEF[B2],C,AEF,B2
486,期满、变更、遗失换证,CAEF[C1],C,AEF,C1
487,期满、变更、遗失换证,CAEF[C2],C,AEF,C2
488,期满、变更、遗失换证,CAEF[C3],C,AEF,C3
489,期满、变更、遗失换证,CAEF[C4],C,AEF,C4
490,期满、变更、遗失换证,CAEF[C5],C,AEF,C5
491,期满、变更、遗失换证,CAEF[D],C,AEF,D
492,期满、变更、遗失换证,CAEF[E],C,AEF,E
493,期满、变更、遗失换证,CAEF[F],C,AEF,F
494,期满、变更、遗失换证,CAEF[M],C,AEF,M
495,期满、变更、遗失换证,CAEF[N],C,AEF,N
496,期满、变更、遗失换证,CAEF[P],C,AEF,P
497,期满、变更、遗失、提交身体证明,CAEFH[A1],C,AEFH,A1
498,期满、变更、遗失、提交身体证明,CAEFH[A2],C,AEFH,A2
499,期满、变更、遗失、提交身体证明,CAEFH[A3],C,AEFH,A3
500,期满、变更、遗失、提交身体证明,CAEFH[B1],C,AEFH,B1
501,期满、变更、遗失、提交身体证明,CAEFH[B2],C,AEFH,B2
502,期满、变更、遗失、提交身体证明,CAEFH[C1],C,AEFH,C1
503,期满、变更、遗失、提交身体证明,CAEFH[C2],C,AEFH,C2
504,期满、变更、遗失、提交身体证明,CAEFH[C3],C,AEFH,C3
505,期满、变更、遗失、提交身体证明,CAEFH[C4],C,AEFH,C4
506,期满、变更、遗失、提交身体证明,CAEFH[C5],C,AEFH,C5
507,期满、变更、遗失、提交身体证明,CAEFH[D],C,AEFH,D
508,期满、变更、遗失、提交身体证明,CAEFH[E],C,AEFH,E
509,期满、变更、遗失、提交身体证明,CAEFH[F],C,AEFH,F
510,期满、变更、遗失、提交身体证明,CAEFH[M],C,AEFH,M
511,期满、变更、遗失、提交身体证明,CAEFH[N],C,AEFH,N
512,期满、变更、遗失、提交身体证明,CAEFH[P],C,AEFH,P
513,换证（期满、损坏、变更）,CAEG[A1],C,AEG,A1
514,换证（期满、损坏、变更）,CAEG[A2],C,AEG,A2
515,换证（期满、损坏、变更）,CAEG[A3],C,AEG,A3
516,换证（期满、损坏、变更）,CAEG[B1],C,AEG,B1
517,换证（期满、损坏、变更）,CAEG[B2],C,AEG,B2
518,换证（期满、损坏、变更）,CAEG[C1],C,AEG,C1
519,换证（期满、损坏、变更）,CAEG[C2],C,AEG,C2
520,换证（期满、损坏、变更）,CAEG[C3],C,AEG,C3
521,换证（期满、损坏、变更）,CAEG[C4],C,AEG,C4
522,换证（期满、损坏、变更）,CAEG[C5],C,AEG,C5
523,换证（期满、损坏、变更）,CAEG[D],C,AEG,D
524,换证（期满、损坏、变更）,CAEG[E],C,AEG,E
525,换证（期满、损坏、变更）,CAEG[F],C,AEG,F
526,换证（期满、损坏、变更）,CAEG[M],C,AEG,M
527,换证（期满、损坏、变更）,CAEG[N],C,AEG,N
528,换证（期满、损坏、变更）,CAEG[P],C,AEG,P
529,期满、变更、提交身体证明,CAEH[A1],C,AEH,A1
530,期满、变更、提交身体证明,CAEH[A2],C,AEH,A2
531,期满、变更、提交身体证明,CAEH[A3],C,AEH,A3
532,期满、变更、提交身体证明,CAEH[B1],C,AEH,B1
533,期满、变更、提交身体证明,CAEH[B2],C,AEH,B2
534,期满、变更、提交身体证明,CAEH[C1],C,AEH,C1
535,期满、变更、提交身体证明,CAEH[C2],C,AEH,C2
536,期满、变更、提交身体证明,CAEH[C3],C,AEH,C3
537,期满、变更、提交身体证明,CAEH[C4],C,AEH,C4
538,期满、变更、提交身体证明,CAEH[C5],C,AEH,C5
539,期满、变更、提交身体证明,CAEH[D],C,AEH,D
540,期满、变更、提交身体证明,CAEH[E],C,AEH,E
541,期满、变更、提交身体证明,CAEH[F],C,AEH,F
542,期满、变更、提交身体证明,CAEH[M],C,AEH,M
543,期满、变更、提交身体证明,CAEH[N],C,AEH,N
544,期满、变更、提交身体证明,CAEH[P],C,AEH,P
545,期满、损坏换证,CAG[A1],C,AG,A1
546,期满、损坏换证,CAG[A2],C,AG,A2
547,期满、损坏换证,CAG[A3],C,AG,A3
548,期满、损坏换证,CAG[B1],C,AG,B1
549,期满、损坏换证,CAG[B2],C,AG,B2
550,期满、损坏换证,CAG[C1],C,AG,C1
551,期满、损坏换证,CAG[C2],C,AG,C2
552,期满、损坏换证,CAG[C3],C,AG,C3
553,期满、损坏换证,CAG[C4],C,AG,C4
554,期满、损坏换证,CAG[C5],C,AG,C5
555,期满、损坏换证,CAG[D],C,AG,D
556,期满、损坏换证,CAG[E],C,AG,E
557,期满、损坏换证,CAG[F],C,AG,F
558,期满、损坏换证,CAG[M],C,AG,M
559,期满、损坏换证,CAG[N],C,AG,N
560,期满、损坏换证,CAG[P],C,AG,P
561,期满、损坏换证、提交体检证明,CAGH[A1],C,AGH,A1
562,期满、损坏换证、提交体检证明,CAGH[A2],C,AGH,A2
563,期满、损坏换证、提交体检证明,CAGH[A3],C,AGH,A3
564,期满、损坏换证、提交体检证明,CAGH[B1],C,AGH,B1
565,期满、损坏换证、提交体检证明,CAGH[B2],C,AGH,B2
566,期满、损坏换证、提交体检证明,CAGH[C1],C,AGH,C1
567,期满、损坏换证、提交体检证明,CAGH[C2],C,AGH,C2
568,期满、损坏换证、提交体检证明,CAGH[C3],C,AGH,C3
569,期满、损坏换证、提交体检证明,CAGH[C4],C,AGH,C4
570,期满、损坏换证、提交体检证明,CAGH[C5],C,AGH,C5
571,期满、损坏换证、提交体检证明,CAGH[D],C,AGH,D
572,期满、损坏换证、提交体检证明,CAGH[E],C,AGH,E
573,期满、损坏换证、提交体检证明,CAGH[F],C,AGH,F
574,期满、损坏换证、提交体检证明,CAGH[M],C,AGH,M
575,期满、损坏换证、提交体检证明,CAGH[N],C,AGH,N
576,期满、损坏换证、提交体检证明,CAGH[P],C,AGH,P
577,期满、提交身体证明,CAH[A1],C,AH,A1
578,期满、提交身体证明,CAH[A2],C,AH,A2
579,期满、提交身体证明,CAH[A3],C,AH,A3
580,期满、提交身体证明,CAH[B1],C,AH,B1
581,期满、提交身体证明,CAH[B2],C,AH,B2
582,期满、提交身体证明,CAH[C1],C,AH,C1
583,期满、提交身体证明,CAH[C2],C,AH,C2
584,期满、提交身体证明,CAH[C3],C,AH,C3
585,期满、提交身体证明,CAH[C4],C,AH,C4
586,期满、提交身体证明,CAH[C5],C,AH,C5
587,期满、提交身体证明,CAH[D],C,AH,D
588,期满、提交身体证明,CAH[E],C,AH,E
589,期满、提交身体证明,CAH[F],C,AH,F
590,期满、提交身体证明,CAH[M],C,AH,M
591,期满、提交身体证明,CAH[N],C,AH,N
592,期满、提交身体证明,CAH[P],C,AH,P
593,转入,CB[A1],C,B,A1
594,转入,CB[A2],C,B,A2
595,转入,CB[A3],C,B,A3
596,转入,CB[B1],C,B,B1
597,转入,CB[B2],C,B,B2
598,转入,CB[C1],C,B,C1
599,转入,CB[C2],C,B,C2
600,转入,CB[C3],C,B,C3
601,转入,CB[C4],C,B,C4
602,转入,CB[C5],C,B,C5
603,转入,CB[D],C,B,D
604,转入,CB[E],C,B,E
605,转入,CB[F],C,B,F
606,转入,CB[M],C,B,M
607,转入,CB[N],C,B,N
608,转入,CB[P],C,B,P
609,转入、提交身体证明,CBH[A1],C,BH,A1
610,转入、提交身体证明,CBH[A2],C,BH,A2
611,转入、提交身体证明,CBH[A3],C,BH,A3
612,转入、提交身体证明,CBH[B1],C,BH,B1
613,转入、提交身体证明,CBH[B2],C,BH,B2
614,转入、提交身体证明,CBH[C1],C,BH,C1
615,转入、提交身体证明,CBH[C2],C,BH,C2
616,转入、提交身体证明,CBH[C3],C,BH,C3
617,转入、提交身体证明,CBH[C4],C,BH,C4
618,转入、提交身体证明,CBH[C5],C,BH,C5
619,转入、提交身体证明,CBH[D],C,BH,D
620,转入、提交身体证明,CBH[E],C,BH,E
621,转入、提交身体证明,CBH[F],C,BH,F
622,转入、提交身体证明,CBH[M],C,BH,M
623,转入、提交身体证明,CBH[N],C,BH,N
624,转入、提交身体证明,CBH[P],C,BH,P
625,超龄,CC[A1],C,C,A1
626,超龄,CC[A2],C,C,A2
627,超龄,CC[A3],C,C,A3
628,超龄,CC[B1],C,C,B1
629,超龄,CC[B2],C,C,B2
630,超龄,CC[C1],C,C,C1
631,超龄,CC[C2],C,C,C2
632,超龄,CC[C3],C,C,C3
633,超龄,CC[C4],C,C,C4
634,超龄,CC[C5],C,C,C5
635,超龄,CC[D],C,C,D
636,超龄,CC[E],C,C,E
637,超龄,CC[F],C,C,F
638,超龄,CC[M],C,C,M
639,超龄,CC[N],C,C,N
640,超龄,CC[P],C,C,P
641,超龄、自愿降级,CCD[A1],C,CD,A1
642,超龄、自愿降级,CCD[A2],C,CD,A2
643,超龄、自愿降级,CCD[A3],C,CD,A3
644,超龄、自愿降级,CCD[B1],C,CD,B1
645,超龄、自愿降级,CCD[B2],C,CD,B2
646,超龄、自愿降级,CCD[C1],C,CD,C1
647,超龄、自愿降级,CCD[C2],C,CD,C2
648,超龄、自愿降级,CCD[C3],C,CD,C3
649,超龄、自愿降级,CCD[C4],C,CD,C4
650,超龄、自愿降级,CCD[C5],C,CD,C5
651,超龄、自愿降级,CCD[D],C,CD,D
652,超龄、自愿降级,CCD[E],C,CD,E
653,超龄、自愿降级,CCD[F],C,CD,F
654,超龄、自愿降级,CCD[M],C,CD,M
655,超龄、自愿降级,CCD[N],C,CD,N
656,超龄、自愿降级,CCD[P],C,CD,P
657,超龄、自愿降级、变更、提交体检证明,CCDEH[A1],C,CDEH,A1
658,超龄、自愿降级、变更、提交体检证明,CCDEH[A2],C,CDEH,A2
659,超龄、自愿降级、变更、提交体检证明,CCDEH[A3],C,CDEH,A3
660,超龄、自愿降级、变更、提交体检证明,CCDEH[B1],C,CDEH,B1
661,超龄、自愿降级、变更、提交体检证明,CCDEH[B2],C,CDEH,B2
662,超龄、自愿降级、变更、提交体检证明,CCDEH[C1],C,CDEH,C1
663,超龄、自愿降级、变更、提交体检证明,CCDEH[C2],C,CDEH,C2
664,超龄、自愿降级、变更、提交体检证明,CCDEH[C3],C,CDEH,C3
665,超龄、自愿降级、变更、提交体检证明,CCDEH[C4],C,CDEH,C4
666,超龄、自愿降级、变更、提交体检证明,CCDEH[C5],C,CDEH,C5
667,超龄、自愿降级、变更、提交体检证明,CCDEH[D],C,CDEH,D
668,超龄、自愿降级、变更、提交体检证明,CCDEH[E],C,CDEH,E
669,超龄、自愿降级、变更、提交体检证明,CCDEH[F],C,CDEH,F
670,超龄、自愿降级、变更、提交体检证明,CCDEH[M],C,CDEH,M
671,超龄、自愿降级、变更、提交体检证明,CCDEH[N],C,CDEH,N
672,超龄、自愿降级、变更、提交体检证明,CCDEH[P],C,CDEH,P
673,超龄变更换证,CCE[A1],C,CE,A1
674,超龄变更换证,CCE[A2],C,CE,A2
675,超龄变更换证,CCE[A3],C,CE,A3
676,超龄变更换证,CCE[B1],C,CE,B1
677,超龄变更换证,CCE[B2],C,CE,B2
678,超龄变更换证,CCE[C1],C,CE,C1
679,超龄变更换证,CCE[C2],C,CE,C2
680,超龄变更换证,CCE[C3],C,CE,C3
681,超龄变更换证,CCE[C4],C,CE,C4
682,超龄变更换证,CCE[C5],C,CE,C5
683,超龄变更换证,CCE[D],C,CE,D
684,超龄变更换证,CCE[E],C,CE,E
685,超龄变更换证,CCE[F],C,CE,F
686,超龄变更换证,CCE[M],C,CE,M
687,超龄变更换证,CCE[N],C,CE,N
688,超龄变更换证,CCE[P],C,CE,P
689,超龄、变更、提交身体证明,CCEH[A1],C,CEH,A1
690,超龄、变更、提交身体证明,CCEH[A2],C,CEH,A2
691,超龄、变更、提交身体证明,CCEH[A3],C,CEH,A3
692,超龄、变更、提交身体证明,CCEH[B1],C,CEH,B1
693,超龄、变更、提交身体证明,CCEH[B2],C,CEH,B2
694,超龄、变更、提交身体证明,CCEH[C1],C,CEH,C1
695,超龄、变更、提交身体证明,CCEH[C2],C,CEH,C2
696,超龄、变更、提交身体证明,CCEH[C3],C,CEH,C3
697,超龄、变更、提交身体证明,CCEH[C4],C,CEH,C4
698,超龄、变更、提交身体证明,CCEH[C5],C,CEH,C5
699,超龄、变更、提交身体证明,CCEH[D],C,CEH,D
700,超龄、变更、提交身体证明,CCEH[E],C,CEH,E
701,超龄、变更、提交身体证明,CCEH[F],C,CEH,F
702,超龄、变更、提交身体证明,CCEH[M],C,CEH,M
703,超龄、变更、提交身体证明,CCEH[N],C,CEH,N
704,超龄、变更、提交身体证明,CCEH[P],C,CEH,P
705,超龄遗失换证,CCF[A1],C,CF,A1
706,超龄遗失换证,CCF[A2],C,CF,A2
707,超龄遗失换证,CCF[A3],C,CF,A3
708,超龄遗失换证,CCF[B1],C,CF,B1
709,超龄遗失换证,CCF[B2],C,CF,B2
710,超龄遗失换证,CCF[C1],C,CF,C1
711,超龄遗失换证,CCF[C2],C,CF,C2
712,超龄遗失换证,CCF[C3],C,CF,C3
713,超龄遗失换证,CCF[C4],C,CF,C4
714,超龄遗失换证,CCF[C5],C,CF,C5
715,超龄遗失换证,CCF[D],C,CF,D
716,超龄遗失换证,CCF[E],C,CF,E
717,超龄遗失换证,CCF[F],C,CF,F
718,超龄遗失换证,CCF[M],C,CF,M
719,超龄遗失换证,CCF[N],C,CF,N
720,超龄遗失换证,CCF[P],C,CF,P
721,超龄、提交身体证明,CCH[A1],C,CH,A1
722,超龄、提交身体证明,CCH[A2],C,CH,A2
723,超龄、提交身体证明,CCH[A3],C,CH,A3
724,超龄、提交身体证明,CCH[B1],C,CH,B1
725,超龄、提交身体证明,CCH[B2],C,CH,B2
726,超龄、提交身体证明,CCH[C1],C,CH,C1
727,超龄、提交身体证明,CCH[C2],C,CH,C2
728,超龄、提交身体证明,CCH[C3],C,CH,C3
729,超龄、提交身体证明,CCH[C4],C,CH,C4
730,超龄、提交身体证明,CCH[C5],C,CH,C5
731,超龄、提交身体证明,CCH[D],C,CH,D
732,超龄、提交身体证明,CCH[E],C,CH,E
733,超龄、提交身体证明,CCH[F],C,CH,F
734,超龄、提交身体证明,CCH[M],C,CH,M
735,超龄、提交身体证明,CCH[N],C,CH,N
736,超龄、提交身体证明,CCH[P],C,CH,P
737,自愿降级,CD[A1],C,D,A1
738,自愿降级,CD[A2],C,D,A2
739,自愿降级,CD[A3],C,D,A3
740,自愿降级,CD[B1],C,D,B1
741,自愿降级,CD[B2],C,D,B2
742,自愿降级,CD[C1],C,D,C1
743,自愿降级,CD[C2],C,D,C2
744,自愿降级,CD[C3],C,D,C3
745,自愿降级,CD[C4],C,D,C4
746,自愿降级,CD[C5],C,D,C5
747,自愿降级,CD[D],C,D,D
748,自愿降级,CD[E],C,D,E
749,自愿降级,CD[F],C,D,F
750,自愿降级,CD[M],C,D,M
751,自愿降级,CD[N],C,D,N
752,自愿降级,CD[P],C,D,P
753,自愿降级、期满,CDA[A1],C,DA,A1
754,自愿降级、期满,CDA[A2],C,DA,A2
755,自愿降级、期满,CDA[A3],C,DA,A3
756,自愿降级、期满,CDA[B1],C,DA,B1
757,自愿降级、期满,CDA[B2],C,DA,B2
758,自愿降级、期满,CDA[C1],C,DA,C1
759,自愿降级、期满,CDA[C2],C,DA,C2
760,自愿降级、期满,CDA[C3],C,DA,C3
761,自愿降级、期满,CDA[C4],C,DA,C4
762,自愿降级、期满,CDA[C5],C,DA,C5
763,自愿降级、期满,CDA[D],C,DA,D
764,自愿降级、期满,CDA[E],C,DA,E
765,自愿降级、期满,CDA[F],C,DA,F
766,自愿降级、期满,CDA[M],C,DA,M
767,自愿降级、期满,CDA[N],C,DA,N
768,自愿降级、期满,CDA[P],C,DA,P
769,自愿降级、期满、提交身体证明,CDAH[A1],C,DAH,A1
770,自愿降级、期满、提交身体证明,CDAH[A2],C,DAH,A2
771,自愿降级、期满、提交身体证明,CDAH[A3],C,DAH,A3
772,自愿降级、期满、提交身体证明,CDAH[B1],C,DAH,B1
773,自愿降级、期满、提交身体证明,CDAH[B2],C,DAH,B2
774,自愿降级、期满、提交身体证明,CDAH[C1],C,DAH,C1
775,自愿降级、期满、提交身体证明,CDAH[C2],C,DAH,C2
776,自愿降级、期满、提交身体证明,CDAH[C3],C,DAH,C3
777,自愿降级、期满、提交身体证明,CDAH[C4],C,DAH,C4
778,自愿降级、期满、提交身体证明,CDAH[C5],C,DAH,C5
779,自愿降级、期满、提交身体证明,CDAH[D],C,DAH,D
780,自愿降级、期满、提交身体证明,CDAH[E],C,DAH,E
781,自愿降级、期满、提交身体证明,CDAH[F],C,DAH,F
782,自愿降级、期满、提交身体证明,CDAH[M],C,DAH,M
783,自愿降级、期满、提交身体证明,CDAH[N],C,DAH,N
784,自愿降级、期满、提交身体证明,CDAH[P],C,DAH,P
785,自愿降级、超龄,CDC[A1],C,DC,A1
786,自愿降级、超龄,CDC[A2],C,DC,A2
787,自愿降级、超龄,CDC[A3],C,DC,A3
788,自愿降级、超龄,CDC[B1],C,DC,B1
789,自愿降级、超龄,CDC[B2],C,DC,B2
790,自愿降级、超龄,CDC[C1],C,DC,C1
791,自愿降级、超龄,CDC[C2],C,DC,C2
792,自愿降级、超龄,CDC[C3],C,DC,C3
793,自愿降级、超龄,CDC[C4],C,DC,C4
794,自愿降级、超龄,CDC[C5],C,DC,C5
795,自愿降级、超龄,CDC[D],C,DC,D
796,自愿降级、超龄,CDC[E],C,DC,E
797,自愿降级、超龄,CDC[F],C,DC,F
798,自愿降级、超龄,CDC[M],C,DC,M
799,自愿降级、超龄,CDC[N],C,DC,N
800,自愿降级、超龄,CDC[P],C,DC,P
801,自愿降级、超龄、提交身体证明,CDCH[A1],C,DCH,A1
802,自愿降级、超龄、提交身体证明,CDCH[A2],C,DCH,A2
803,自愿降级、超龄、提交身体证明,CDCH[A3],C,DCH,A3
804,自愿降级、超龄、提交身体证明,CDCH[B1],C,DCH,B1
805,自愿降级、超龄、提交身体证明,CDCH[B2],C,DCH,B2
806,自愿降级、超龄、提交身体证明,CDCH[C1],C,DCH,C1
807,自愿降级、超龄、提交身体证明,CDCH[C2],C,DCH,C2
808,自愿降级、超龄、提交身体证明,CDCH[C3],C,DCH,C3
809,自愿降级、超龄、提交身体证明,CDCH[C4],C,DCH,C4
810,自愿降级、超龄、提交身体证明,CDCH[C5],C,DCH,C5
811,自愿降级、超龄、提交身体证明,CDCH[D],C,DCH,D
812,自愿降级、超龄、提交身体证明,CDCH[E],C,DCH,E
813,自愿降级、超龄、提交身体证明,CDCH[F],C,DCH,F
814,自愿降级、超龄、提交身体证明,CDCH[M],C,DCH,M
815,自愿降级、超龄、提交身体证明,CDCH[N],C,DCH,N
816,自愿降级、超龄、提交身体证明,CDCH[P],C,DCH,P
817,自愿降级变更换证,CDE[A1],C,DE,A1
818,自愿降级变更换证,CDE[A2],C,DE,A2
819,自愿降级变更换证,CDE[A3],C,DE,A3
820,自愿降级变更换证,CDE[B1],C,DE,B1
821,自愿降级变更换证,CDE[B2],C,DE,B2
822,自愿降级变更换证,CDE[C1],C,DE,C1
823,自愿降级变更换证,CDE[C2],C,DE,C2
824,自愿降级变更换证,CDE[C3],C,DE,C3
825,自愿降级变更换证,CDE[C4],C,DE,C4
826,自愿降级变更换证,CDE[C5],C,DE,C5
827,自愿降级变更换证,CDE[D],C,DE,D
828,自愿降级变更换证,CDE[E],C,DE,E
829,自愿降级变更换证,CDE[F],C,DE,F
830,自愿降级变更换证,CDE[M],C,DE,M
831,自愿降级变更换证,CDE[N],C,DE,N
832,自愿降级变更换证,CDE[P],C,DE,P
833,自愿降级、变更、期满、提交身体证明,CDEAH[A1],C,DEAH,A1
834,自愿降级、变更、期满、提交身体证明,CDEAH[A2],C,DEAH,A2
835,自愿降级、变更、期满、提交身体证明,CDEAH[A3],C,DEAH,A3
836,自愿降级、变更、期满、提交身体证明,CDEAH[B1],C,DEAH,B1
837,自愿降级、变更、期满、提交身体证明,CDEAH[B2],C,DEAH,B2
838,自愿降级、变更、期满、提交身体证明,CDEAH[C1],C,DEAH,C1
839,自愿降级、变更、期满、提交身体证明,CDEAH[C2],C,DEAH,C2
840,自愿降级、变更、期满、提交身体证明,CDEAH[C3],C,DEAH,C3
841,自愿降级、变更、期满、提交身体证明,CDEAH[C4],C,DEAH,C4
842,自愿降级、变更、期满、提交身体证明,CDEAH[C5],C,DEAH,C5
843,自愿降级、变更、期满、提交身体证明,CDEAH[D],C,DEAH,D
844,自愿降级、变更、期满、提交身体证明,CDEAH[E],C,DEAH,E
845,自愿降级、变更、期满、提交身体证明,CDEAH[F],C,DEAH,F
846,自愿降级、变更、期满、提交身体证明,CDEAH[M],C,DEAH,M
847,自愿降级、变更、期满、提交身体证明,CDEAH[N],C,DEAH,N
848,自愿降级、变更、期满、提交身体证明,CDEAH[P],C,DEAH,P
849,自愿降级、变更、超龄,CDEC[A1],C,DEC,A1
850,自愿降级、变更、超龄,CDEC[A2],C,DEC,A2
851,自愿降级、变更、超龄,CDEC[A3],C,DEC,A3
852,自愿降级、变更、超龄,CDEC[B1],C,DEC,B1
853,自愿降级、变更、超龄,CDEC[B2],C,DEC,B2
854,自愿降级、变更、超龄,CDEC[C1],C,DEC,C1
855,自愿降级、变更、超龄,CDEC[C2],C,DEC,C2
856,自愿降级、变更、超龄,CDEC[C3],C,DEC,C3
857,自愿降级、变更、超龄,CDEC[C4],C,DEC,C4
858,自愿降级、变更、超龄,CDEC[C5],C,DEC,C5
859,自愿降级、变更、超龄,CDEC[D],C,DEC,D
860,自愿降级、变更、超龄,CDEC[E],C,DEC,E
861,自愿降级、变更、超龄,CDEC[F],C,DEC,F
862,自愿降级、变更、超龄,CDEC[M],C,DEC,M
863,自愿降级、变更、超龄,CDEC[N],C,DEC,N
864,自愿降级、变更、超龄,CDEC[P],C,DEC,P
865,自愿降级、变更、遗失换证,CDEF[A1],C,DEF,A1
866,自愿降级、变更、遗失换证,CDEF[A2],C,DEF,A2
867,自愿降级、变更、遗失换证,CDEF[A3],C,DEF,A3
868,自愿降级、变更、遗失换证,CDEF[B1],C,DEF,B1
869,自愿降级、变更、遗失换证,CDEF[B2],C,DEF,B2
870,自愿降级、变更、遗失换证,CDEF[C1],C,DEF,C1
871,自愿降级、变更、遗失换证,CDEF[C2],C,DEF,C2
872,自愿降级、变更、遗失换证,CDEF[C3],C,DEF,C3
873,自愿降级、变更、遗失换证,CDEF[C4],C,DEF,C4
874,自愿降级、变更、遗失换证,CDEF[C5],C,DEF,C5
875,自愿降级、变更、遗失换证,CDEF[D],C,DEF,D
876,自愿降级、变更、遗失换证,CDEF[E],C,DEF,E
877,自愿降级、变更、遗失换证,CDEF[F],C,DEF,F
878,自愿降级、变更、遗失换证,CDEF[M],C,DEF,M
879,自愿降级、变更、遗失换证,CDEF[N],C,DEF,N
880,自愿降级、变更、遗失换证,CDEF[P],C,DEF,P
881,自愿降级、变更、提交身体证明,CDEH[A1],C,DEH,A1
882,自愿降级、变更、提交身体证明,CDEH[A2],C,DEH,A2
883,自愿降级、变更、提交身体证明,CDEH[A3],C,DEH,A3
884,自愿降级、变更、提交身体证明,CDEH[B1],C,DEH,B1
885,自愿降级、变更、提交身体证明,CDEH[B2],C,DEH,B2
886,自愿降级、变更、提交身体证明,CDEH[C1],C,DEH,C1
887,自愿降级、变更、提交身体证明,CDEH[C2],C,DEH,C2
888,自愿降级、变更、提交身体证明,CDEH[C3],C,DEH,C3
889,自愿降级、变更、提交身体证明,CDEH[C4],C,DEH,C4
890,自愿降级、变更、提交身体证明,CDEH[C5],C,DEH,C5
891,自愿降级、变更、提交身体证明,CDEH[D],C,DEH,D
892,自愿降级、变更、提交身体证明,CDEH[E],C,DEH,E
893,自愿降级、变更、提交身体证明,CDEH[F],C,DEH,F
894,自愿降级、变更、提交身体证明,CDEH[M],C,DEH,M
895,自愿降级、变更、提交身体证明,CDEH[N],C,DEH,N
896,自愿降级、变更、提交身体证明,CDEH[P],C,DEH,P
897,自愿降级遗失换证,CDF[A1],C,DF,A1
898,自愿降级遗失换证,CDF[A2],C,DF,A2
899,自愿降级遗失换证,CDF[A3],C,DF,A3
900,自愿降级遗失换证,CDF[B1],C,DF,B1
901,自愿降级遗失换证,CDF[B2],C,DF,B2
902,自愿降级遗失换证,CDF[C1],C,DF,C1
903,自愿降级遗失换证,CDF[C2],C,DF,C2
904,自愿降级遗失换证,CDF[C3],C,DF,C3
905,自愿降级遗失换证,CDF[C4],C,DF,C4
906,自愿降级遗失换证,CDF[C5],C,DF,C5
907,自愿降级遗失换证,CDF[D],C,DF,D
908,自愿降级遗失换证,CDF[E],C,DF,E
909,自愿降级遗失换证,CDF[F],C,DF,F
910,自愿降级遗失换证,CDF[M],C,DF,M
911,自愿降级遗失换证,CDF[N],C,DF,N
912,自愿降级遗失换证,CDF[P],C,DF,P
913,自愿降级、提交身体证明,CDH[A1],C,DH,A1
914,自愿降级、提交身体证明,CDH[A2],C,DH,A2
915,自愿降级、提交身体证明,CDH[A3],C,DH,A3
916,自愿降级、提交身体证明,CDH[B1],C,DH,B1
917,自愿降级、提交身体证明,CDH[B2],C,DH,B2
918,自愿降级、提交身体证明,CDH[C1],C,DH,C1
919,自愿降级、提交身体证明,CDH[C2],C,DH,C2
920,自愿降级、提交身体证明,CDH[C3],C,DH,C3
921,自愿降级、提交身体证明,CDH[C4],C,DH,C4
922,自愿降级、提交身体证明,CDH[C5],C,DH,C5
923,自愿降级、提交身体证明,CDH[D],C,DH,D
924,自愿降级、提交身体证明,CDH[E],C,DH,E
925,自愿降级、提交身体证明,CDH[F],C,DH,F
926,自愿降级、提交身体证明,CDH[M],C,DH,M
927,自愿降级、提交身体证明,CDH[N],C,DH,N
928,自愿降级、提交身体证明,CDH[P],C,DH,P
929,换证期满,CE[A1],C,E,A1
930,换证期满,CE[A2],C,E,A2
931,换证期满,CE[A3],C,E,A3
932,换证期满,CE[B1],C,E,B1
933,换证期满,CE[B2],C,E,B2
934,换证期满,CE[C1],C,E,C1
935,换证期满,CE[C2],C,E,C2
936,换证期满,CE[C3],C,E,C3
937,换证期满,CE[C4],C,E,C4
938,换证期满,CE[C5],C,E,C5
939,换证期满,CE[D],C,E,D
940,换证期满,CE[E],C,E,E
941,换证期满,CE[F],C,E,F
942,换证期满,CE[M],C,E,M
943,换证期满,CE[N],C,E,N
944,换证期满,CE[P],C,E,P
945,变更、期满换证,CEA[A1],C,EA,A1
946,变更、期满换证,CEA[A2],C,EA,A2
947,变更、期满换证,CEA[A3],C,EA,A3
948,变更、期满换证,CEA[B1],C,EA,B1
949,变更、期满换证,CEA[B2],C,EA,B2
950,变更、期满换证,CEA[C1],C,EA,C1
951,变更、期满换证,CEA[C2],C,EA,C2
952,变更、期满换证,CEA[C3],C,EA,C3
953,变更、期满换证,CEA[C4],C,EA,C4
954,变更、期满换证,CEA[C5],C,EA,C5
955,变更、期满换证,CEA[D],C,EA,D
956,变更、期满换证,CEA[E],C,EA,E
957,变更、期满换证,CEA[F],C,EA,F
958,变更、期满换证,CEA[M],C,EA,M
959,变更、期满换证,CEA[N],C,EA,N
960,变更、期满换证,CEA[P],C,EA,P
961,变更、期满、超龄、提交身体证明,CEACH[A1],C,EACH,A1
962,变更、期满、超龄、提交身体证明,CEACH[A2],C,EACH,A2
963,变更、期满、超龄、提交身体证明,CEACH[A3],C,EACH,A3
964,变更、期满、超龄、提交身体证明,CEACH[B1],C,EACH,B1
965,变更、期满、超龄、提交身体证明,CEACH[B2],C,EACH,B2
966,变更、期满、超龄、提交身体证明,CEACH[C1],C,EACH,C1
967,变更、期满、超龄、提交身体证明,CEACH[C2],C,EACH,C2
968,变更、期满、超龄、提交身体证明,CEACH[C3],C,EACH,C3
969,变更、期满、超龄、提交身体证明,CEACH[C4],C,EACH,C4
970,变更、期满、超龄、提交身体证明,CEACH[C5],C,EACH,C5
971,变更、期满、超龄、提交身体证明,CEACH[D],C,EACH,D
972,变更、期满、超龄、提交身体证明,CEACH[E],C,EACH,E
973,变更、期满、超龄、提交身体证明,CEACH[F],C,EACH,F
974,变更、期满、超龄、提交身体证明,CEACH[M],C,EACH,M
975,变更、期满、超龄、提交身体证明,CEACH[N],C,EACH,N
976,变更、期满、超龄、提交身体证明,CEACH[P],C,EACH,P
977,变更、期满、提交身体证明,CEAH[A1],C,EAH,A1
978,变更、期满、提交身体证明,CEAH[A2],C,EAH,A2
979,变更、期满、提交身体证明,CEAH[A3],C,EAH,A3
980,变更、期满、提交身体证明,CEAH[B1],C,EAH,B1
981,变更、期满、提交身体证明,CEAH[B2],C,EAH,B2
982,变更、期满、提交身体证明,CEAH[C1],C,EAH,C1
983,变更、期满、提交身体证明,CEAH[C2],C,EAH,C2
984,变更、期满、提交身体证明,CEAH[C3],C,EAH,C3
985,变更、期满、提交身体证明,CEAH[C4],C,EAH,C4
986,变更、期满、提交身体证明,CEAH[C5],C,EAH,C5
987,变更、期满、提交身体证明,CEAH[D],C,EAH,D
988,变更、期满、提交身体证明,CEAH[E],C,EAH,E
989,变更、期满、提交身体证明,CEAH[F],C,EAH,F
990,变更、期满、提交身体证明,CEAH[M],C,EAH,M
991,变更、期满、提交身体证明,CEAH[N],C,EAH,N
992,变更、期满、提交身体证明,CEAH[P],C,EAH,P
993,变更、超龄,CEC[A1],C,EC,A1
994,变更、超龄,CEC[A2],C,EC,A2
995,变更、超龄,CEC[A3],C,EC,A3
996,变更、超龄,CEC[B1],C,EC,B1
997,变更、超龄,CEC[B2],C,EC,B2
998,变更、超龄,CEC[C1],C,EC,C1
999,变更、超龄,CEC[C2],C,EC,C2
1000,变更、超龄,CEC[C3],C,EC,C3
1001,变更、超龄,CEC[C4],C,EC,C4
1002,变更、超龄,CEC[C5],C,EC,C5
1003,变更、超龄,CEC[D],C,EC,D
1004,变更、超龄,CEC[E],C,EC,E
1005,变更、超龄,CEC[F],C,EC,F
1006,变更、超龄,CEC[M],C,EC,M
1007,变更、超龄,CEC[N],C,EC,N
1008,变更、超龄,CEC[P],C,EC,P
1009,遗失变更换证,CEF[A1],C,EF,A1
1010,遗失变更换证,CEF[A2],C,EF,A2
1011,遗失变更换证,CEF[A3],C,EF,A3
1012,遗失变更换证,CEF[B1],C,EF,B1
1013,遗失变更换证,CEF[B2],C,EF,B2
1014,遗失变更换证,CEF[C1],C,EF,C1
1015,遗失变更换证,CEF[C2],C,EF,C2
1016,遗失变更换证,CEF[C3],C,EF,C3
1017,遗失变更换证,CEF[C4],C,EF,C4
1018,遗失变更换证,CEF[C5],C,EF,C5
1019,遗失变更换证,CEF[D],C,EF,D
1020,遗失变更换证,CEF[E],C,EF,E
1021,遗失变更换证,CEF[F],C,EF,F
1022,遗失变更换证,CEF[M],C,EF,M
1023,遗失变更换证,CEF[N],C,EF,N
1024,遗失变更换证,CEF[P],C,EF,P
1025,变更、遗失、期满换证,CEFA[A1],C,EFA,A1
1026,变更、遗失、期满换证,CEFA[A2],C,EFA,A2
1027,变更、遗失、期满换证,CEFA[A3],C,EFA,A3
1028,变更、遗失、期满换证,CEFA[B1],C,EFA,B1
1029,变更、遗失、期满换证,CEFA[B2],C,EFA,B2
1030,变更、遗失、期满换证,CEFA[C1],C,EFA,C1
1031,变更、遗失、期满换证,CEFA[C2],C,EFA,C2
1032,变更、遗失、期满换证,CEFA[C3],C,EFA,C3
1033,变更、遗失、期满换证,CEFA[C4],C,EFA,C4
1034,变更、遗失、期满换证,CEFA[C5],C,EFA,C5
1035,变更、遗失、期满换证,CEFA[D],C,EFA,D
1036,变更、遗失、期满换证,CEFA[E],C,EFA,E
1037,变更、遗失、期满换证,CEFA[F],C,EFA,F
1038,变更、遗失、期满换证,CEFA[M],C,EFA,M
1039,变更、遗失、期满换证,CEFA[N],C,EFA,N
1040,变更、遗失、期满换证,CEFA[P],C,EFA,P
1041,变更、遗失、期满、提交身体证明,CEFAH[A1],C,EFAH,A1
1042,变更、遗失、期满、提交身体证明,CEFAH[A2],C,EFAH,A2
1043,变更、遗失、期满、提交身体证明,CEFAH[A3],C,EFAH,A3
1044,变更、遗失、期满、提交身体证明,CEFAH[B1],C,EFAH,B1
1045,变更、遗失、期满、提交身体证明,CEFAH[B2],C,EFAH,B2
1046,变更、遗失、期满、提交身体证明,CEFAH[C1],C,EFAH,C1
1047,变更、遗失、期满、提交身体证明,CEFAH[C2],C,EFAH,C2
1048,变更、遗失、期满、提交身体证明,CEFAH[C3],C,EFAH,C3
1049,变更、遗失、期满、提交身体证明,CEFAH[C4],C,EFAH,C4
1050,变更、遗失、期满、提交身体证明,CEFAH[C5],C,EFAH,C5
1051,变更、遗失、期满、提交身体证明,CEFAH[D],C,EFAH,D
1052,变更、遗失、期满、提交身体证明,CEFAH[E],C,EFAH,E
1053,变更、遗失、期满、提交身体证明,CEFAH[F],C,EFAH,F
1054,变更、遗失、期满、提交身体证明,CEFAH[M],C,EFAH,M
1055,变更、遗失、期满、提交身体证明,CEFAH[N],C,EFAH,N
1056,变更、遗失、期满、提交身体证明,CEFAH[P],C,EFAH,P
1057,变更、遗失、提交身体证明,CEFH[A1],C,EFH,A1
1058,变更、遗失、提交身体证明,CEFH[A2],C,EFH,A2
1059,变更、遗失、提交身体证明,CEFH[A3],C,EFH,A3
1060,变更、遗失、提交身体证明,CEFH[B1],C,EFH,B1
1061,变更、遗失、提交身体证明,CEFH[B2],C,EFH,B2
1062,变更、遗失、提交身体证明,CEFH[C1],C,EFH,C1
1063,变更、遗失、提交身体证明,CEFH[C2],C,EFH,C2
1064,变更、遗失、提交身体证明,CEFH[C3],C,EFH,C3
1065,变更、遗失、提交身体证明,CEFH[C4],C,EFH,C4
1066,变更、遗失、提交身体证明,CEFH[C5],C,EFH,C5
1067,变更、遗失、提交身体证明,CEFH[D],C,EFH,D
1068,变更、遗失、提交身体证明,CEFH[E],C,EFH,E
1069,变更、遗失、提交身体证明,CEFH[F],C,EFH,F
1070,变更、遗失、提交身体证明,CEFH[M],C,EFH,M
1071,变更、遗失、提交身体证明,CEFH[N],C,EFH,N
1072,变更、遗失、提交身体证明,CEFH[P],C,EFH,P
1073,损坏变更换证,CEG[A1],C,EG,A1
1074,损坏变更换证,CEG[A2],C,EG,A2
1075,损坏变更换证,CEG[A3],C,EG,A3
1076,损坏变更换证,CEG[B1],C,EG,B1
1077,损坏变更换证,CEG[B2],C,EG,B2
1078,损坏变更换证,CEG[C1],C,EG,C1
1079,损坏变更换证,CEG[C2],C,EG,C2
1080,损坏变更换证,CEG[C3],C,EG,C3
1081,损坏变更换证,CEG[C4],C,EG,C4
1082,损坏变更换证,CEG[C5],C,EG,C5
1083,损坏变更换证,CEG[D],C,EG,D
1084,损坏变更换证,CEG[E],C,EG,E
1085,损坏变更换证,CEG[F],C,EG,F
1086,损坏变更换证,CEG[M],C,EG,M
1087,损坏变更换证,CEG[N],C,EG,N
1088,损坏变更换证,CEG[P],C,EG,P
1089,变更、提交身体证明,CEH[A1],C,EH,A1
1090,变更、提交身体证明,CEH[A2],C,EH,A2
1091,变更、提交身体证明,CEH[A3],C,EH,A3
1092,变更、提交身体证明,CEH[B1],C,EH,B1
1093,变更、提交身体证明,CEH[B2],C,EH,B2
1094,变更、提交身体证明,CEH[C1],C,EH,C1
1095,变更、提交身体证明,CEH[C2],C,EH,C2
1096,变更、提交身体证明,CEH[C3],C,EH,C3
1097,变更、提交身体证明,CEH[C4],C,EH,C4
1098,变更、提交身体证明,CEH[C5],C,EH,C5
1099,变更、提交身体证明,CEH[D],C,EH,D
1100,变更、提交身体证明,CEH[E],C,EH,E
1101,变更、提交身体证明,CEH[F],C,EH,F
1102,变更、提交身体证明,CEH[M],C,EH,M
1103,变更、提交身体证明,CEH[N],C,EH,N
1104,变更、提交身体证明,CEH[P],C,EH,P
1105,遗失换证,CF[A1],C,F,A1
1106,遗失换证,CF[A2],C,F,A2
1107,遗失换证,CF[A3],C,F,A3
1108,遗失换证,CF[B1],C,F,B1
1109,遗失换证,CF[B2],C,F,B2
1110,遗失换证,CF[C1],C,F,C1
1111,遗失换证,CF[C2],C,F,C2
1112,遗失换证,CF[C3],C,F,C3
1113,遗失换证,CF[C4],C,F,C4
1114,遗失换证,CF[C5],C,F,C5
1115,遗失换证,CF[D],C,F,D
1116,遗失换证,CF[E],C,F,E
1117,遗失换证,CF[F],C,F,F
1118,遗失换证,CF[M],C,F,M
1119,遗失换证,CF[N],C,F,N
1120,遗失换证,CF[P],C,F,P
1121,遗失、期满换证,CFA[A1],C,FA,A1
1122,遗失、期满换证,CFA[A2],C,FA,A2
1123,遗失、期满换证,CFA[A3],C,FA,A3
1124,遗失、期满换证,CFA[B1],C,FA,B1
1125,遗失、期满换证,CFA[B2],C,FA,B2
1126,遗失、期满换证,CFA[C1],C,FA,C1
1127,遗失、期满换证,CFA[C2],C,FA,C2
1128,遗失、期满换证,CFA[C3],C,FA,C3
1129,遗失、期满换证,CFA[C4],C,FA,C4
1130,遗失、期满换证,CFA[C5],C,FA,C5
1131,遗失、期满换证,CFA[D],C,FA,D
1132,遗失、期满换证,CFA[E],C,FA,E
1133,遗失、期满换证,CFA[F],C,FA,F
1134,遗失、期满换证,CFA[M],C,FA,M
1135,遗失、期满换证,CFA[N],C,FA,N
1136,遗失、期满换证,CFA[P],C,FA,P
1137,遗失、期满、提交身体证明,CFAH[A1],C,FAH,A1
1138,遗失、期满、提交身体证明,CFAH[A2],C,FAH,A2
1139,遗失、期满、提交身体证明,CFAH[A3],C,FAH,A3
1140,遗失、期满、提交身体证明,CFAH[B1],C,FAH,B1
1141,遗失、期满、提交身体证明,CFAH[B2],C,FAH,B2
1142,遗失、期满、提交身体证明,CFAH[C1],C,FAH,C1
1143,遗失、期满、提交身体证明,CFAH[C2],C,FAH,C2
1144,遗失、期满、提交身体证明,CFAH[C3],C,FAH,C3
1145,遗失、期满、提交身体证明,CFAH[C4],C,FAH,C4
1146,遗失、期满、提交身体证明,CFAH[C5],C,FAH,C5
1147,遗失、期满、提交身体证明,CFAH[D],C,FAH,D
1148,遗失、期满、提交身体证明,CFAH[E],C,FAH,E
1149,遗失、期满、提交身体证明,CFAH[F],C,FAH,F
1150,遗失、期满、提交身体证明,CFAH[M],C,FAH,M
1151,遗失、期满、提交身体证明,CFAH[N],C,FAH,N
1152,遗失、期满、提交身体证明,CFAH[P],C,FAH,P
1153,遗失、超龄换证,CFC[A1],C,FC,A1
1154,遗失、超龄换证,CFC[A2],C,FC,A2
1155,遗失、超龄换证,CFC[A3],C,FC,A3
1156,遗失、超龄换证,CFC[B1],C,FC,B1
1157,遗失、超龄换证,CFC[B2],C,FC,B2
1158,遗失、超龄换证,CFC[C1],C,FC,C1
1159,遗失、超龄换证,CFC[C2],C,FC,C2
1160,遗失、超龄换证,CFC[C3],C,FC,C3
1161,遗失、超龄换证,CFC[C4],C,FC,C4
1162,遗失、超龄换证,CFC[C5],C,FC,C5
1163,遗失、超龄换证,CFC[D],C,FC,D
1164,遗失、超龄换证,CFC[E],C,FC,E
1165,遗失、超龄换证,CFC[F],C,FC,F
1166,遗失、超龄换证,CFC[M],C,FC,M
1167,遗失、超龄换证,CFC[N],C,FC,N
1168,遗失、超龄换证,CFC[P],C,FC,P
1169,遗失、超龄、提交身体证明,CFCH[A1],C,FCH,A1
1170,遗失、超龄、提交身体证明,CFCH[A2],C,FCH,A2
1171,遗失、超龄、提交身体证明,CFCH[A3],C,FCH,A3
1172,遗失、超龄、提交身体证明,CFCH[B1],C,FCH,B1
1173,遗失、超龄、提交身体证明,CFCH[B2],C,FCH,B2
1174,遗失、超龄、提交身体证明,CFCH[C1],C,FCH,C1
1175,遗失、超龄、提交身体证明,CFCH[C2],C,FCH,C2
1176,遗失、超龄、提交身体证明,CFCH[C3],C,FCH,C3
1177,遗失、超龄、提交身体证明,CFCH[C4],C,FCH,C4
1178,遗失、超龄、提交身体证明,CFCH[C5],C,FCH,C5
1179,遗失、超龄、提交身体证明,CFCH[D],C,FCH,D
1180,遗失、超龄、提交身体证明,CFCH[E],C,FCH,E
1181,遗失、超龄、提交身体证明,CFCH[F],C,FCH,F
1182,遗失、超龄、提交身体证明,CFCH[M],C,FCH,M
1183,遗失、超龄、提交身体证明,CFCH[N],C,FCH,N
1184,遗失、超龄、提交身体证明,CFCH[P],C,FCH,P
1185,遗失、提交身体证明,CFH[A1],C,FH,A1
1186,遗失、提交身体证明,CFH[A2],C,FH,A2
1187,遗失、提交身体证明,CFH[A3],C,FH,A3
1188,遗失、提交身体证明,CFH[B1],C,FH,B1
1189,遗失、提交身体证明,CFH[B2],C,FH,B2
1190,遗失、提交身体证明,CFH[C1],C,FH,C1
1191,遗失、提交身体证明,CFH[C2],C,FH,C2
1192,遗失、提交身体证明,CFH[C3],C,FH,C3
1193,遗失、提交身体证明,CFH[C4],C,FH,C4
1194,遗失、提交身体证明,CFH[C5],C,FH,C5
1195,遗失、提交身体证明,CFH[D],C,FH,D
1196,遗失、提交身体证明,CFH[E],C,FH,E
1197,遗失、提交身体证明,CFH[F],C,FH,F
1198,遗失、提交身体证明,CFH[M],C,FH,M
1199,遗失、提交身体证明,CFH[N],C,FH,N
1200,遗失、提交身体证明,CFH[P],C,FH,P
1201,损坏换证,CG[A1],C,G,A1
1202,损坏换证,CG[A2],C,G,A2
1203,损坏换证,CG[A3],C,G,A3
1204,损坏换证,CG[B1],C,G,B1
1205,损坏换证,CG[B2],C,G,B2
1206,损坏换证,CG[C1],C,G,C1
1207,损坏换证,CG[C2],C,G,C2
1208,损坏换证,CG[C3],C,G,C3
1209,损坏换证,CG[C4],C,G,C4
1210,损坏换证,CG[C5],C,G,C5
1211,损坏换证,CG[D],C,G,D
1212,损坏换证,CG[E],C,G,E
1213,损坏换证,CG[F],C,G,F
1214,损坏换证,CG[M],C,G,M
1215,损坏换证,CG[N],C,G,N
1216,损坏换证,CG[P],C,G,P
1217,损坏、提交身体证明,CGH[A1],C,GH,A1
1218,损坏、提交身体证明,CGH[A2],C,GH,A2
1219,损坏、提交身体证明,CGH[A3],C,GH,A3
1220,损坏、提交身体证明,CGH[B1],C,GH,B1
1221,损坏、提交身体证明,CGH[B2],C,GH,B2
1222,损坏、提交身体证明,CGH[C1],C,GH,C1
1223,损坏、提交身体证明,CGH[C2],C,GH,C2
1224,损坏、提交身体证明,CGH[C3],C,GH,C3
1225,损坏、提交身体证明,CGH[C4],C,GH,C4
1226,损坏、提交身体证明,CGH[C5],C,GH,C5
1227,损坏、提交身体证明,CGH[D],C,GH,D
1228,损坏、提交身体证明,CGH[E],C,GH,E
1229,损坏、提交身体证明,CGH[F],C,GH,F
1230,损坏、提交身体证明,CGH[M],C,GH,M
1231,损坏、提交身体证明,CGH[N],C,GH,N
1232,损坏、提交身体证明,CGH[P],C,GH,P
1233,提交身体证明、自愿降级,CHD[A1],C,HD,A1
1234,提交身体证明、自愿降级,CHD[A2],C,HD,A2
1235,提交身体证明、自愿降级,CHD[A3],C,HD,A3
1236,提交身体证明、自愿降级,CHD[B1],C,HD,B1
1237,提交身体证明、自愿降级,CHD[B2],C,HD,B2
1238,提交身体证明、自愿降级,CHD[C1],C,HD,C1
1239,提交身体证明、自愿降级,CHD[C2],C,HD,C2
1240,提交身体证明、自愿降级,CHD[C3],C,HD,C3
1241,提交身体证明、自愿降级,CHD[C4],C,HD,C4
1242,提交身体证明、自愿降级,CHD[C5],C,HD,C5
1243,提交身体证明、自愿降级,CHD[D],C,HD,D
1244,提交身体证明、自愿降级,CHD[E],C,HD,E
1245,提交身体证明、自愿降级,CHD[F],C,HD,F
1246,提交身体证明、自愿降级,CHD[M],C,HD,M
1247,提交身体证明、自愿降级,CHD[N],C,HD,N
1248,提交身体证明、自愿降级,CHD[P],C,HD,P
1249,提交身体证明、自愿降级、变更,CHDE[A1],C,HDE,A1
1250,提交身体证明、自愿降级、变更,CHDE[A2],C,HDE,A2
1251,提交身体证明、自愿降级、变更,CHDE[A3],C,HDE,A3
1252,提交身体证明、自愿降级、变更,CHDE[B1],C,HDE,B1
1253,提交身体证明、自愿降级、变更,CHDE[B2],C,HDE,B2
1254,提交身体证明、自愿降级、变更,CHDE[C1],C,HDE,C1
1255,提交身体证明、自愿降级、变更,CHDE[C2],C,HDE,C2
1256,提交身体证明、自愿降级、变更,CHDE[C3],C,HDE,C3
1257,提交身体证明、自愿降级、变更,CHDE[C4],C,HDE,C4
1258,提交身体证明、自愿降级、变更,CHDE[C5],C,HDE,C5
1259,提交身体证明、自愿降级、变更,CHDE[D],C,HDE,D
1260,提交身体证明、自愿降级、变更,CHDE[E],C,HDE,E
1261,提交身体证明、自愿降级、变更,CHDE[F],C,HDE,F
1262,提交身体证明、自愿降级、变更,CHDE[M],C,HDE,M
1263,提交身体证明、自愿降级、变更,CHDE[N],C,HDE,N
1264,提交身体证明、自愿降级、变更,CHDE[P],C,HDE,P
1265,提交身体证明、变更,CHE[A1],C,HE,A1
1266,提交身体证明、变更,CHE[A2],C,HE,A2
1267,提交身体证明、变更,CHE[A3],C,HE,A3
1268,提交身体证明、变更,CHE[B1],C,HE,B1
1269,提交身体证明、变更,CHE[B2],C,HE,B2
1270,提交身体证明、变更,CHE[C1],C,HE,C1
1271,提交身体证明、变更,CHE[C2],C,HE,C2
1272,提交身体证明、变更,CHE[C3],C,HE,C3
1273,提交身体证明、变更,CHE[C4],C,HE,C4
1274,提交身体证明、变更,CHE[C5],C,HE,C5
1275,提交身体证明、变更,CHE[D],C,HE,D
1276,提交身体证明、变更,CHE[E],C,HE,E
1277,提交身体证明、变更,CHE[F],C,HE,F
1278,提交身体证明、变更,CHE[M],C,HE,M
1279,提交身体证明、变更,CHE[N],C,HE,N
1280,提交身体证明、变更,CHE[P],C,HE,P
1281,提交身体证明、变更、遗失,CHEF[A1],C,HEF,A1
1282,提交身体证明、变更、遗失,CHEF[A2],C,HEF,A2
1283,提交身体证明、变更、遗失,CHEF[A3],C,HEF,A3
1284,提交身体证明、变更、遗失,CHEF[B1],C,HEF,B1
1285,提交身体证明、变更、遗失,CHEF[B2],C,HEF,B2
1286,提交身体证明、变更、遗失,CHEF[C1],C,HEF,C1
1287,提交身体证明、变更、遗失,CHEF[C2],C,HEF,C2
1288,提交身体证明、变更、遗失,CHEF[C3],C,HEF,C3
1289,提交身体证明、变更、遗失,CHEF[C4],C,HEF,C4
1290,提交身体证明、变更、遗失,CHEF[C5],C,HEF,C5
1291,提交身体证明、变更、遗失,CHEF[D],C,HEF,D
1292,提交身体证明、变更、遗失,CHEF[E],C,HEF,E
1293,提交身体证明、变更、遗失,CHEF[F],C,HEF,F
1294,提交身体证明、变更、遗失,CHEF[M],C,HEF,M
1295,提交身体证明、变更、遗失,CHEF[N],C,HEF,N
1296,提交身体证明、变更、遗失,CHEF[P],C,HEF,P
1297,提交身体证明、遗失换证,CHF[A1],C,HF,A1
1298,提交身体证明、遗失换证,CHF[A2],C,HF,A2
1299,提交身体证明、遗失换证,CHF[A3],C,HF,A3
1300,提交身体证明、遗失换证,CHF[B1],C,HF,B1
1301,提交身体证明、遗失换证,CHF[B2],C,HF,B2
1302,提交身体证明、遗失换证,CHF[C1],C,HF,C1
1303,提交身体证明、遗失换证,CHF[C2],C,HF,C2
1304,提交身体证明、遗失换证,CHF[C3],C,HF,C3
1305,提交身体证明、遗失换证,CHF[C4],C,HF,C4
1306,提交身体证明、遗失换证,CHF[C5],C,HF,C5
1307,提交身体证明、遗失换证,CHF[D],C,HF,D
1308,提交身体证明、遗失换证,CHF[E],C,HF,E
1309,提交身体证明、遗失换证,CHF[F],C,HF,F
1310,提交身体证明、遗失换证,CHF[M],C,HF,M
1311,提交身体证明、遗失换证,CHF[N],C,HF,N
1312,提交身体证明、遗失换证,CHF[P],C,HF,P
1313,提交身体证明、遗失、期满换证,CHFA[A1],C,HFA,A1
1314,提交身体证明、遗失、期满换证,CHFA[A2],C,HFA,A2
1315,提交身体证明、遗失、期满换证,CHFA[A3],C,HFA,A3
1316,提交身体证明、遗失、期满换证,CHFA[B1],C,HFA,B1
1317,提交身体证明、遗失、期满换证,CHFA[B2],C,HFA,B2
1318,提交身体证明、遗失、期满换证,CHFA[C1],C,HFA,C1
1319,提交身体证明、遗失、期满换证,CHFA[C2],C,HFA,C2
1320,提交身体证明、遗失、期满换证,CHFA[C3],C,HFA,C3
1321,提交身体证明、遗失、期满换证,CHFA[C4],C,HFA,C4
1322,提交身体证明、遗失、期满换证,CHFA[C5],C,HFA,C5
1323,提交身体证明、遗失、期满换证,CHFA[D],C,HFA,D
1324,提交身体证明、遗失、期满换证,CHFA[E],C,HFA,E
1325,提交身体证明、遗失、期满换证,CHFA[F],C,HFA,F
1326,提交身体证明、遗失、期满换证,CHFA[M],C,HFA,M
1327,提交身体证明、遗失、期满换证,CHFA[N],C,HFA,N
1328,提交身体证明、遗失、期满换证,CHFA[P],C,HFA,P
1329,满分学习,FA[A1],F,A,A1
1330,满分学习,FA[A2],F,A,A2
1331,满分学习,FA[A3],F,A,A3
1332,满分学习,FA[B1],F,A,B1
1333,满分学习,FA[B2],F,A,B2
1334,满分学习,FA[C1],F,A,C1
1335,满分学习,FA[C2],F,A,C2
1336,满分学习,FA[C3],F,A,C3
1337,满分学习,FA[C4],F,A,C4
1338,满分学习,FA[C5],F,A,C5
1339,满分学习,FA[D],F,A,D
1340,满分学习,FA[E],F,A,E
1341,满分学习,FA[F],F,A,F
1342,满分学习,FA[M],F,A,M
1343,满分学习,FA[N],F,A,N
1344,满分学习,FA[P],F,A,P
1345,遗失、转入换证,FB[A1],F,B,A1
1346,遗失、转入换证,FB[A2],F,B,A2
1347,遗失、转入换证,FB[A3],F,B,A3
1348,遗失、转入换证,FB[B1],F,B,B1
1349,遗失、转入换证,FB[B2],F,B,B2
1350,遗失、转入换证,FB[C1],F,B,C1
1351,遗失、转入换证,FB[C2],F,B,C2
1352,遗失、转入换证,FB[C3],F,B,C3
1353,遗失、转入换证,FB[C4],F,B,C4
1354,遗失、转入换证,FB[C5],F,B,C5
1355,遗失、转入换证,FB[D],F,B,D
1356,遗失、转入换证,FB[E],F,B,E
1357,遗失、转入换证,FB[F],F,B,F
1358,遗失、转入换证,FB[M],F,B,M
1359,遗失、转入换证,FB[N],F,B,N
1360,遗失、转入换证,FB[P],F,B,P
1361,驾证恢复,U000000[A1],U,0,A1
1362,驾证恢复,U000000[A2],U,0,A2
1363,驾证恢复,U000000[A3],U,0,A3
1364,驾证恢复,U000000[B1],U,0,B1
1365,驾证恢复,U000000[B2],U,0,B2
1366,驾证恢复,U000000[C1],U,0,C1
1367,驾证恢复,U000000[C2],U,0,C2
1368,驾证恢复,U000000[C3],U,0,C3
1369,驾证恢复,U000000[C4],U,0,C4
1370,驾证恢复,U000000[C5],U,0,C5
1371,驾证恢复,U000000[D],U,0,D
1372,驾证恢复,U000000[E],U,0,E
1373,驾证恢复,U000000[F],U,0,F
1374,驾证恢复,U000000[M],U,0,M
1375,驾证恢复,U000000[N],U,0,N
1376,驾证恢复,U000000[P],U,0,P
1377,驾证恢复（考科目一）,U010000[A1],U,10000,A1
1378,驾证恢复（考科目一）,U010000[A2],U,10000,A2
1379,驾证恢复（考科目一）,U010000[A3],U,10000,A3
1380,驾证恢复（考科目一）,U010000[B1],U,10000,B1
1381,驾证恢复（考科目一）,U010000[B2],U,10000,B2
1382,驾证恢复（考科目一）,U010000[C1],U,10000,C1
1383,驾证恢复（考科目一）,U010000[C2],U,10000,C2
1384,驾证恢复（考科目一）,U010000[C3],U,10000,C3
1385,驾证恢复（考科目一）,U010000[C4],U,10000,C4
1386,驾证恢复（考科目一）,U010000[C5],U,10000,C5
1387,驾证恢复（考科目一）,U010000[D],U,10000,D
1388,驾证恢复（考科目一）,U010000[E],U,10000,E
1389,驾证恢复（考科目一）,U010000[F],U,10000,F
1390,驾证恢复（考科目一）,U010000[M],U,10000,M
1391,驾证恢复（考科目一）,U010000[N],U,10000,N
1392,驾证恢复（考科目一）,U010000[P],U,10000,P
1393,申请校车资格换驾驶证,WA[A1],W,A,A1
1394,申请校车资格换驾驶证,WA[A2],W,A,A2
1395,申请校车资格换驾驶证,WA[A3],W,A,A3
1396,申请校车资格换驾驶证,WA[B1],W,A,B1
1397,申请校车资格换驾驶证,WA[B2],W,A,B2
1398,申请校车资格换驾驶证,WA[C1],W,A,C1
1399,申请校车资格换驾驶证,WA[C2],W,A,C2
1400,申请校车资格换驾驶证,WA[C3],W,A,C3
1401,申请校车资格换驾驶证,WA[C4],W,A,C4
1402,申请校车资格换驾驶证,WA[C5],W,A,C5
1403,申请校车资格换驾驶证,WA[D],W,A,D
1404,申请校车资格换驾驶证,WA[E],W,A,E
1405,申请校车资格换驾驶证,WA[F],W,A,F
1406,申请校车资格换驾驶证,WA[M],W,A,M
1407,申请校车资格换驾驶证,WA[N],W,A,N
1408,申请校车资格换驾驶证,WA[P],W,A,P
1409,取消校车资格,XA[A1],X,A,A1
1410,取消校车资格,XA[A2],X,A,A2
1411,取消校车资格,XA[A3],X,A,A3
1412,取消校车资格,XA[B1],X,A,B1
1413,取消校车资格,XA[B2],X,A,B2
1414,取消校车资格,XA[C1],X,A,C1
1415,取消校车资格,XA[C2],X,A,C2
1416,取消校车资格,XA[C3],X,A,C3
1417,取消校车资格,XA[C4],X,A,C4
1418,取消校车资格,XA[C5],X,A,C5
1419,取消校车资格,XA[D],X,A,D
1420,取消校车资格,XA[E],X,A,E
1421,取消校车资格,XA[F],X,A,F
1422,取消校车资格,XA[M],X,A,M
1423,取消校车资格,XA[N],X,A,N
1424,取消校车资格,XA[P],X,A,P
1425,注销准驾车型,YA[A1],Y,A,A1
1426,注销准驾车型,YA[A2],Y,A,A2
1427,注销准驾车型,YA[A3],Y,A,A3
1428,注销准驾车型,YA[B1],Y,A,B1
1429,注销准驾车型,YA[B2],Y,A,B2
1430,注销准驾车型,YA[C1],Y,A,C1
1431,注销准驾车型,YA[C2],Y,A,C2
1432,注销准驾车型,YA[C3],Y,A,C3
1433,注销准驾车型,YA[C4],Y,A,C4
1434,注销准驾车型,YA[C5],Y,A,C5
1435,注销准驾车型,YA[D],Y,A,D
1436,注销准驾车型,YA[E],Y,A,E
1437,注销准驾车型,YA[F],Y,A,F
1438,注销准驾车型,YA[M],Y,A,M
1439,注销准驾车型,YA[N],Y,A,N
1440,注销准驾车型,YA[P],Y,A,P
1441,转入、遗失,CBF[A1],C,BF,A1
1442,转入、遗失,CBF[A2],C,BF,A2
1443,转入、遗失,CBF[A3],C,BF,A3
1444,转入、遗失,CBF[B1],C,BF,B1
1445,转入、遗失,CBF[B2],C,BF,B2
1446,转入、遗失,CBF[C1],C,BF,C1
1447,转入、遗失,CBF[C2],C,BF,C2
1448,转入、遗失,CBF[C3],C,BF,C3
1449,转入、遗失,CBF[C4],C,BF,C4
1450,转入、遗失,CBF[C5],C,BF,C5
1451,转入、遗失,CBF[D],C,BF,D
1452,转入、遗失,CBF[E],C,BF,E
1453,转入、遗失,CBF[F],C,BF,F
1454,转入、遗失,CBF[M],C,BF,M
1455,转入、遗失,CBF[N],C,BF,N
1456,转入、遗失,CBF[P],C,BF,P
1457,期满、转入、遗失,CABF[A1],C,ABF,A1
1458,期满、转入、遗失,CABF[A2],C,ABF,A2
1459,期满、转入、遗失,CABF[A3],C,ABF,A3
1460,期满、转入、遗失,CABF[B1],C,ABF,B1
1461,期满、转入、遗失,CABF[B2],C,ABF,B2
1462,期满、转入、遗失,CABF[C1],C,ABF,C1
1463,期满、转入、遗失,CABF[C2],C,ABF,C2
1464,期满、转入、遗失,CABF[C3],C,ABF,C3
1465,期满、转入、遗失,CABF[C4],C,ABF,C4
1466,期满、转入、遗失,CABF[C5],C,ABF,C5
1467,期满、转入、遗失,CABF[D],C,ABF,D
1468,期满、转入、遗失,CABF[E],C,ABF,E
1469,期满、转入、遗失,CABF[F],C,ABF,F
1470,期满、转入、遗失,CABF[M],C,ABF,M
1471,期满、转入、遗失,CABF[N],C,ABF,N
1472,期满、转入、遗失,CABF[P],C,ABF,P
1473,期满、遗失,CAF[A1],C,AF,A1
1474,期满、遗失,CAF[A2],C,AF,A2
1475,期满、遗失,CAF[A3],C,AF,A3
1476,期满、遗失,CAF[B1],C,AF,B1
1477,期满、遗失,CAF[B2],C,AF,B2
1478,期满、遗失,CAF[C1],C,AF,C1
1479,期满、遗失,CAF[C2],C,AF,C2
1480,期满、遗失,CAF[C3],C,AF,C3
1481,期满、遗失,CAF[C4],C,AF,C4
1482,期满、遗失,CAF[C5],C,AF,C5
1483,期满、遗失,CAF[D],C,AF,D
1484,期满、遗失,CAF[E],C,AF,E
1485,期满、遗失,CAF[F],C,AF,F
1486,期满、遗失,CAF[M],C,AF,M
1487,期满、遗失,CAF[N],C,AF,N
1488,期满、遗失,CAF[P],C,AF,P
1489,期满、转入、审查,CABI[A1],C,ABI,A1
1490,期满、转入、审查,CABI[A2],C,ABI,A2
1491,期满、转入、审查,CABI[A3],C,ABI,A3
1492,期满、转入、审查,CABI[B1],C,ABI,B1
1493,期满、转入、审查,CABI[B2],C,ABI,B2
1494,期满、转入、审查,CABI[C1],C,ABI,C1
1495,期满、转入、审查,CABI[C2],C,ABI,C2
1496,期满、转入、审查,CABI[C3],C,ABI,C3
1497,期满、转入、审查,CABI[C4],C,ABI,C4
1498,期满、转入、审查,CABI[C5],C,ABI,C5
1499,期满、转入、审查,CABI[D],C,ABI,D
1500,期满、转入、审查,CABI[E],C,ABI,E
1501,期满、转入、审查,CABI[F],C,ABI,F
1502,期满、转入、审查,CABI[M],C,ABI,M
1503,期满、转入、审查,CABI[N],C,ABI,N
1504,期满、转入、审查,CABI[P],C,ABI,P
1505,补证换证超龄自愿降级变更,CCDE[A1],C,CDE,A1
1506,补证换证超龄自愿降级变更,CCDE[A2],C,CDE,A2
1507,补证换证超龄自愿降级变更,CCDE[A3],C,CDE,A3
1508,补证换证超龄自愿降级变更,CCDE[B1],C,CDE,B1
1509,补证换证超龄自愿降级变更,CCDE[B2],C,CDE,B2
1510,补证换证超龄自愿降级变更,CCDE[C1],C,CDE,C1
1511,补证换证超龄自愿降级变更,CCDE[C2],C,CDE,C2
1512,补证换证超龄自愿降级变更,CCDE[C3],C,CDE,C3
1513,补证换证超龄自愿降级变更,CCDE[C4],C,CDE,C4
1514,补证换证超龄自愿降级变更,CCDE[C5],C,CDE,C5
1515,补证换证超龄自愿降级变更,CCDE[D],C,CDE,D
1516,补证换证超龄自愿降级变更,CCDE[E],C,CDE,E
1517,补证换证超龄自愿降级变更,CCDE[F],C,CDE,F
1518,补证换证超龄自愿降级变更,CCDE[M],C,CDE,M
1519,补证换证超龄自愿降级变更,CCDE[N],C,CDE,N
1520,补证换证超龄自愿降级变更,CCDE[P],C,CDE,P
1521,期满、转入、遗失,CABFI[A1],C,ABFI,A1
1522,期满、转入、遗失,CABFI[A2],C,ABFI,A2
1523,期满、转入、遗失,CABFI[A3],C,ABFI,A3
1524,期满、转入、遗失,CABFI[B1],C,ABFI,B1
1525,期满、转入、遗失,CABFI[B2],C,ABFI,B2
1526,期满、转入、遗失,CABFI[C1],C,ABFI,C1
1527,期满、转入、遗失,CABFI[C2],C,ABFI,C2
1528,期满、转入、遗失,CABFI[C3],C,ABFI,C3
1529,期满、转入、遗失,CABFI[C4],C,ABFI,C4
1530,期满、转入、遗失,CABFI[C5],C,ABFI,C5
1531,期满、转入、遗失,CABFI[D],C,ABFI,D
1532,期满、转入、遗失,CABFI[E],C,ABFI,E
1533,期满、转入、遗失,CABFI[F],C,ABFI,F
1534,期满、转入、遗失,CABFI[M],C,ABFI,M
1535,期满、转入、遗失,CABFI[N],C,ABFI,N
1536,期满、转入、遗失,CABFI[P],C,ABFI,P
